Name,BPUIC,,85:764:5000_705-R-201_0612_BUSPS124-2,85:764:5001_705-A-101_0540_BUSPS124-2,85:764:5002_705-R-201_0642_BUSPS124-2,85:764:5003_705-A-101_0610_BUSPS124-2,85:764:5004_705-R-201_0702_BUSPS124-2,85:764:5005_705-A-101_0630_BUSPS124-2,85:764:5007_705-A-101_0650_BUSPS124-2,85:764:5008_705-R-201_0722_BUSPS124-2,85:764:5009_705-A-101_0705_BUSPS124-2,85:764:5010_705-R-201_0737_BUSPS124-2,85:764:5011_705-A-101_0715_BUSPS124-2,85:764:5012_705-R-203_0747_BUSPS124-2,85:764:5013_705-A-101_0725_BUSPS124-2,85:764:5014_705-R-201_0757_BUSPS124-2,85:764:5015_705-A-101_0735_BUSPS124-2,85:764:5016_705-R-201_0807_BUSPS124-2,85:764:5017_705-A-101_0755_BUSPS124-2,85:764:5018_705-R-203_0817_BUSPS124-2,85:764:5019_705-A-102_0801_BUSPS124-2,85:764:5020_705-R-201_0827_BUSPS124-2,85:764:5021_705-A-101_0810_BUSPS124-2,85:764:5022_705-R-201_0847_BUSPS124-2,85:764:5023_705-A-101_0830_BUSPS124-2,85:764:5024_705-R-201_0907_BUSPS124-2,85:764:5025_705-A-102_0836_BUSPS124-2,85:764:5026_705-R-201_0917_BUSPS124-2,85:764:5027_705-A-101_0845_BUSPS124-2,85:764:5028_705-R-201_0937_BUSPS124-2,85:764:5029_705-A-101_0900_BUSPS124-2,85:764:5030_705-R-201_1007_BUSPS124-2,85:764:5031_705-A-101_0920_BUSPS124-2,85:764:5032_705-R-201_1037_BUSPS124-2,85:764:5033_705-A-101_0950_BUSPS124-2,85:764:5034_705-R-201_1057_BUSPS124-2,85:764:5035_705-A-101_1010_BUSPS124-2,85:764:5036_705-R-201_1117_BUSPS124-2,85:764:5037_705-A-101_1040_BUSPS124-2,85:764:5038_705-R-201_1147_BUSPS124-2,85:764:5039_705-A-101_1110_BUSPS124-2,85:764:5040_705-R-201_1217_BUSPS124-2,85:764:5041_705-A-101_1140_BUSPS124-2,85:764:5042_705-R-201_1237_BUSPS124-2,85:764:5043_705-A-101_1206_BUSPS124-2,85:764:5044_705-R-201_1257_BUSPS124-2,85:764:5045_705-A-101_1220_BUSPS124-2,85:764:5046_705-R-201_1327_BUSPS124-2,85:764:5047_705-A-101_1250_BUSPS124-2,85:764:5048_705-R-201_1357_BUSPS124-2,85:764:5049_705-A-101_1310_BUSPS124-2,85:764:5050_705-R-201_1427_BUSPS124-2,85:764:5051_705-A-101_1340_BUSPS124-2,85:764:5052_705-R-201_1457_BUSPS124-2,85:764:5053_705-A-101_1410_BUSPS124-2,85:764:5054_705-R-201_1517_BUSPS124-2,85:764:5055_705-A-101_1440_BUSPS124-2,85:764:5056_705-R-201_1537_BUSPS124-2,85:764:5057_705-A-101_1500_BUSPS124-2,85:764:5058_705-R-201_1607_BUSPS124-2,85:764:5059_705-A-101_1530_BUSPS124-2,85:764:5060_705-R-201_1627_BUSPS124-2,85:764:5061_705-A-101_1550_BUSPS124-2,85:764:5062_705-R-201_1647_BUSPS124-2,85:764:5063_705-A-101_1610_BUSPS124-2,85:764:5064_705-R-201_1717_BUSPS124-2,85:764:5065_705-A-101_1640_BUSPS124-2,85:764:5066_705-R-201_1737_BUSPS124-2,85:764:5067_705-A-101_1700_BUSPS124-2,85:764:5068_705-R-201_1757_BUSPS124-2,85:764:5069_705-A-101_1720_BUSPS124-2,85:764:5070_705-R-201_1812_BUSPS124-2,85:764:5071_705-A-101_1735_BUSPS124-2,85:764:5072_705-R-201_1827_BUSPS124-2,85:764:5073_705-A-101_1750_BUSPS124-2,85:764:5074_705-R-201_1847_BUSPS124-2,85:764:5075_705-A-101_1810_BUSPS124-2,85:764:5076_705-R-201_1907_BUSPS124-2,85:764:5077_705-A-101_1830_BUSPS124-2,85:764:5078_705-R-201_1917_BUSPS124-2,85:764:5079_705-A-101_1845_BUSPS124-2,85:764:5080_705-R-201_1937_BUSPS124-2,85:764:5081_705-A-101_1900_BUSPS124-2,85:764:5082_705-R-201_2000_BUSPS124-2,85:764:5083_705-A-101_1930_BUSPS124-2,85:764:5084_705-R-201_2030_BUSPS124-2,85:764:5085_705-A-101_2000_BUSPS124-2,85:764:5086_705-R-201_2130_BUSPS124-2,85:764:5087_705-A-101_2100_BUSPS124-2,85:764:5088_705-R-201_2230_BUSPS124-2,85:764:5089_705-A-101_2200_BUSPS124-2,85:764:5090_705-R-201_2330_BUSPS124-2,85:764:5091_705-A-101_2300_BUSPS124-2,lv95East,lv95North,Distance
"Lonay, parc",8592254,ABFAHRTSZEIT,,2024-05-12 05:40:00,,2024-05-12 06:10:00,,2024-05-12 06:30:00,2024-05-12 06:50:00,,2024-05-12 07:05:00,,2024-05-12 07:15:00,,2024-05-12 07:25:00,,2024-05-12 07:35:00,,2024-05-12 07:55:00,,,,2024-05-12 08:10:00,,2024-05-12 08:30:00,,,,2024-05-12 08:45:00,,2024-05-12 09:00:00,,2024-05-12 09:20:00,,2024-05-12 09:50:00,,2024-05-12 10:10:00,,2024-05-12 10:40:00,,2024-05-12 11:10:00,,2024-05-12 11:40:00,,2024-05-12 12:06:00,,2024-05-12 12:20:00,,2024-05-12 12:50:00,,2024-05-12 13:10:00,,2024-05-12 13:40:00,,2024-05-12 14:10:00,,2024-05-12 14:40:00,,2024-05-12 15:00:00,,2024-05-12 15:30:00,,2024-05-12 15:50:00,,2024-05-12 16:10:00,,2024-05-12 16:40:00,,2024-05-12 17:00:00,,2024-05-12 17:20:00,,2024-05-12 17:35:00,,2024-05-12 17:50:00,,2024-05-12 18:10:00,,2024-05-12 18:30:00,,2024-05-12 18:45:00,,2024-05-12 19:00:00,,2024-05-12 19:30:00,,2024-05-12 20:00:00,,2024-05-12 21:00:00,,2024-05-12 22:00:00,,2024-05-12 23:00:00,2529262.0,1153429.0,0.0
"Lonay, parc",8592254,ANKUNFTSZEIT,2024-05-12 06:39:00,,2024-05-12 07:10:00,,2024-05-12 07:31:00,,,2024-05-12 07:51:00,,2024-05-12 08:06:00,,,,2024-05-12 08:26:00,,2024-05-12 08:36:00,,,,2024-05-12 08:56:00,,2024-05-12 09:16:00,,2024-05-12 09:36:00,,2024-05-12 09:46:00,,2024-05-12 10:06:00,,2024-05-12 10:36:00,,2024-05-12 11:06:00,,2024-05-12 11:26:00,,2024-05-12 11:46:00,,2024-05-12 12:16:00,,2024-05-12 12:46:00,,2024-05-12 13:06:00,,2024-05-12 13:26:00,,2024-05-12 13:56:00,,2024-05-12 14:26:00,,2024-05-12 14:56:00,,2024-05-12 15:26:00,,2024-05-12 15:46:00,,2024-05-12 16:06:00,,2024-05-12 16:36:00,,2024-05-12 16:56:00,,2024-05-12 17:16:00,,2024-05-12 17:46:00,,2024-05-12 18:06:00,,2024-05-12 18:26:00,,2024-05-12 18:41:00,,2024-05-12 18:56:00,,2024-05-12 19:16:00,,2024-05-12 19:36:00,,2024-05-12 19:46:00,,2024-05-12 20:06:00,,2024-05-12 20:28:00,,2024-05-12 20:58:00,,2024-05-12 21:58:00,,2024-05-12 22:58:00,,2024-05-12 23:58:00,,2529262.0,1153429.0,0.0
"Lonay, église",8592250,ANKUNFTSZEIT,2024-05-12 06:38:00,2024-05-12 05:41:00,2024-05-12 07:08:00,2024-05-12 06:11:00,2024-05-12 07:29:00,2024-05-12 06:31:00,2024-05-12 06:51:00,2024-05-12 07:49:00,2024-05-12 07:06:00,2024-05-12 08:04:00,2024-05-12 07:16:00,,2024-05-12 07:26:00,2024-05-12 08:24:00,2024-05-12 07:36:00,2024-05-12 08:34:00,2024-05-12 07:56:00,,,2024-05-12 08:54:00,2024-05-12 08:11:00,2024-05-12 09:14:00,2024-05-12 08:31:00,2024-05-12 09:34:00,,2024-05-12 09:44:00,2024-05-12 08:46:00,2024-05-12 10:04:00,2024-05-12 09:01:00,2024-05-12 10:34:00,2024-05-12 09:21:00,2024-05-12 11:04:00,2024-05-12 09:51:00,2024-05-12 11:24:00,2024-05-12 10:11:00,2024-05-12 11:44:00,2024-05-12 10:41:00,2024-05-12 12:14:00,2024-05-12 11:11:00,2024-05-12 12:44:00,2024-05-12 11:41:00,2024-05-12 13:04:00,2024-05-12 12:07:00,2024-05-12 13:24:00,2024-05-12 12:21:00,2024-05-12 13:54:00,2024-05-12 12:51:00,2024-05-12 14:24:00,2024-05-12 13:11:00,2024-05-12 14:54:00,2024-05-12 13:41:00,2024-05-12 15:24:00,2024-05-12 14:11:00,2024-05-12 15:44:00,2024-05-12 14:41:00,2024-05-12 16:04:00,2024-05-12 15:01:00,2024-05-12 16:34:00,2024-05-12 15:31:00,2024-05-12 16:54:00,2024-05-12 15:51:00,2024-05-12 17:14:00,2024-05-12 16:11:00,2024-05-12 17:44:00,2024-05-12 16:41:00,2024-05-12 18:04:00,2024-05-12 17:01:00,2024-05-12 18:24:00,2024-05-12 17:21:00,2024-05-12 18:39:00,2024-05-12 17:36:00,2024-05-12 18:54:00,2024-05-12 17:51:00,2024-05-12 19:14:00,2024-05-12 18:11:00,2024-05-12 19:34:00,2024-05-12 18:31:00,2024-05-12 19:44:00,2024-05-12 18:46:00,2024-05-12 20:04:00,2024-05-12 19:01:00,2024-05-12 20:26:00,2024-05-12 19:31:00,2024-05-12 20:56:00,2024-05-12 20:01:00,2024-05-12 21:56:00,2024-05-12 21:01:00,2024-05-12 22:56:00,2024-05-12 22:01:00,2024-05-12 23:56:00,2024-05-12 23:01:00,2529572.0,1153213.0,377.8306498948967
"Lonay, église",8592250,ABFAHRTSZEIT,2024-05-12 06:38:00,2024-05-12 05:41:00,2024-05-12 07:08:00,2024-05-12 06:11:00,2024-05-12 07:29:00,2024-05-12 06:31:00,2024-05-12 06:51:00,2024-05-12 07:49:00,2024-05-12 07:06:00,2024-05-12 08:04:00,2024-05-12 07:16:00,,2024-05-12 07:26:00,2024-05-12 08:24:00,2024-05-12 07:36:00,2024-05-12 08:34:00,2024-05-12 07:56:00,,,2024-05-12 08:54:00,2024-05-12 08:11:00,2024-05-12 09:14:00,2024-05-12 08:31:00,2024-05-12 09:34:00,,2024-05-12 09:44:00,2024-05-12 08:46:00,2024-05-12 10:04:00,2024-05-12 09:01:00,2024-05-12 10:34:00,2024-05-12 09:21:00,2024-05-12 11:04:00,2024-05-12 09:51:00,2024-05-12 11:24:00,2024-05-12 10:11:00,2024-05-12 11:44:00,2024-05-12 10:41:00,2024-05-12 12:14:00,2024-05-12 11:11:00,2024-05-12 12:44:00,2024-05-12 11:41:00,2024-05-12 13:04:00,2024-05-12 12:07:00,2024-05-12 13:24:00,2024-05-12 12:21:00,2024-05-12 13:54:00,2024-05-12 12:51:00,2024-05-12 14:24:00,2024-05-12 13:11:00,2024-05-12 14:54:00,2024-05-12 13:41:00,2024-05-12 15:24:00,2024-05-12 14:11:00,2024-05-12 15:44:00,2024-05-12 14:41:00,2024-05-12 16:04:00,2024-05-12 15:01:00,2024-05-12 16:34:00,2024-05-12 15:31:00,2024-05-12 16:54:00,2024-05-12 15:51:00,2024-05-12 17:14:00,2024-05-12 16:11:00,2024-05-12 17:44:00,2024-05-12 16:41:00,2024-05-12 18:04:00,2024-05-12 17:01:00,2024-05-12 18:24:00,2024-05-12 17:21:00,2024-05-12 18:39:00,2024-05-12 17:36:00,2024-05-12 18:54:00,2024-05-12 17:51:00,2024-05-12 19:14:00,2024-05-12 18:11:00,2024-05-12 19:34:00,2024-05-12 18:31:00,2024-05-12 19:44:00,2024-05-12 18:46:00,2024-05-12 20:04:00,2024-05-12 19:01:00,2024-05-12 20:26:00,2024-05-12 19:31:00,2024-05-12 20:56:00,2024-05-12 20:01:00,2024-05-12 21:56:00,2024-05-12 21:01:00,2024-05-12 22:56:00,2024-05-12 22:01:00,2024-05-12 23:56:00,2024-05-12 23:01:00,2529572.0,1153213.0,377.8306498948967
"Lonay, collège nord",8595219,ABFAHRTSZEIT,,2024-05-12 05:41:00,,2024-05-12 06:11:00,,2024-05-12 06:31:00,2024-05-12 06:51:00,,2024-05-12 07:06:00,,2024-05-12 07:16:00,,2024-05-12 07:26:00,,2024-05-12 07:36:00,,2024-05-12 07:56:00,,,,2024-05-12 08:11:00,,2024-05-12 08:31:00,,,,2024-05-12 08:46:00,,2024-05-12 09:01:00,,2024-05-12 09:21:00,,2024-05-12 09:51:00,,2024-05-12 10:11:00,,2024-05-12 10:41:00,,2024-05-12 11:11:00,,2024-05-12 11:41:00,,2024-05-12 12:07:00,,2024-05-12 12:21:00,,2024-05-12 12:51:00,,2024-05-12 13:11:00,,2024-05-12 13:41:00,,2024-05-12 14:11:00,,2024-05-12 14:41:00,,2024-05-12 15:01:00,,2024-05-12 15:31:00,,2024-05-12 15:51:00,,2024-05-12 16:11:00,,2024-05-12 16:41:00,,2024-05-12 17:01:00,,2024-05-12 17:21:00,,2024-05-12 17:36:00,,2024-05-12 17:51:00,,2024-05-12 18:11:00,,2024-05-12 18:31:00,,2024-05-12 18:46:00,,2024-05-12 19:01:00,,2024-05-12 19:31:00,,2024-05-12 20:01:00,,2024-05-12 21:01:00,,2024-05-12 22:01:00,,2024-05-12 23:01:00,2529472.0,1153016.0,598.7582398423724
"Lonay, collège nord",8595219,ANKUNFTSZEIT,,2024-05-12 05:41:00,,2024-05-12 06:11:00,,2024-05-12 06:31:00,2024-05-12 06:51:00,,2024-05-12 07:06:00,,2024-05-12 07:16:00,,2024-05-12 07:26:00,,2024-05-12 07:36:00,,2024-05-12 07:56:00,,,,2024-05-12 08:11:00,,2024-05-12 08:31:00,,,,2024-05-12 08:46:00,,2024-05-12 09:01:00,,2024-05-12 09:21:00,,2024-05-12 09:51:00,,2024-05-12 10:11:00,,2024-05-12 10:41:00,,2024-05-12 11:11:00,,2024-05-12 11:41:00,,2024-05-12 12:07:00,,2024-05-12 12:21:00,,2024-05-12 12:51:00,,2024-05-12 13:11:00,,2024-05-12 13:41:00,,2024-05-12 14:11:00,,2024-05-12 14:41:00,,2024-05-12 15:01:00,,2024-05-12 15:31:00,,2024-05-12 15:51:00,,2024-05-12 16:11:00,,2024-05-12 16:41:00,,2024-05-12 17:01:00,,2024-05-12 17:21:00,,2024-05-12 17:36:00,,2024-05-12 17:51:00,,2024-05-12 18:11:00,,2024-05-12 18:31:00,,2024-05-12 18:46:00,,2024-05-12 19:01:00,,2024-05-12 19:31:00,,2024-05-12 20:01:00,,2024-05-12 21:01:00,,2024-05-12 22:01:00,,2024-05-12 23:01:00,2529472.0,1153016.0,598.7582398423724
"Lonay, collège sud",8595220,ANKUNFTSZEIT,2024-05-12 06:36:00,,2024-05-12 07:07:00,,2024-05-12 07:28:00,,,2024-05-12 07:48:00,,2024-05-12 08:03:00,,,,2024-05-12 08:23:00,,2024-05-12 08:33:00,,,,2024-05-12 08:53:00,,2024-05-12 09:13:00,,2024-05-12 09:33:00,,2024-05-12 09:43:00,,2024-05-12 10:03:00,,2024-05-12 10:33:00,,2024-05-12 11:03:00,,2024-05-12 11:23:00,,2024-05-12 11:43:00,,2024-05-12 12:13:00,,2024-05-12 12:43:00,,2024-05-12 13:03:00,,2024-05-12 13:23:00,,2024-05-12 13:53:00,,2024-05-12 14:23:00,,2024-05-12 14:53:00,,2024-05-12 15:23:00,,2024-05-12 15:43:00,,2024-05-12 16:03:00,,2024-05-12 16:33:00,,2024-05-12 16:53:00,,2024-05-12 17:13:00,,2024-05-12 17:43:00,,2024-05-12 18:03:00,,2024-05-12 18:23:00,,2024-05-12 18:38:00,,2024-05-12 18:53:00,,2024-05-12 19:13:00,,2024-05-12 19:33:00,,2024-05-12 19:43:00,,2024-05-12 20:03:00,,2024-05-12 20:25:00,,2024-05-12 20:55:00,,2024-05-12 21:55:00,,2024-05-12 22:55:00,,2024-05-12 23:55:00,,2529640.51501,1153013.18921,613.6897634409816
"Lonay, collège sud",8595220,ABFAHRTSZEIT,2024-05-12 06:36:00,,2024-05-12 07:07:00,,2024-05-12 07:28:00,,,2024-05-12 07:48:00,,2024-05-12 08:03:00,,,,2024-05-12 08:23:00,,2024-05-12 08:33:00,,,,2024-05-12 08:53:00,,2024-05-12 09:13:00,,2024-05-12 09:33:00,,2024-05-12 09:43:00,,2024-05-12 10:03:00,,2024-05-12 10:33:00,,2024-05-12 11:03:00,,2024-05-12 11:23:00,,2024-05-12 11:43:00,,2024-05-12 12:13:00,,2024-05-12 12:43:00,,2024-05-12 13:03:00,,2024-05-12 13:23:00,,2024-05-12 13:53:00,,2024-05-12 14:23:00,,2024-05-12 14:53:00,,2024-05-12 15:23:00,,2024-05-12 15:43:00,,2024-05-12 16:03:00,,2024-05-12 16:33:00,,2024-05-12 16:53:00,,2024-05-12 17:13:00,,2024-05-12 17:43:00,,2024-05-12 18:03:00,,2024-05-12 18:23:00,,2024-05-12 18:38:00,,2024-05-12 18:53:00,,2024-05-12 19:13:00,,2024-05-12 19:33:00,,2024-05-12 19:43:00,,2024-05-12 20:03:00,,2024-05-12 20:25:00,,2024-05-12 20:55:00,,2024-05-12 21:55:00,,2024-05-12 22:55:00,,2024-05-12 23:55:00,,2529640.51501,1153013.18921,613.6897634409816
"Lonay, gare",8595218,ANKUNFTSZEIT,2024-05-12 06:36:00,2024-05-12 05:43:00,2024-05-12 07:06:00,2024-05-12 06:13:00,2024-05-12 07:27:00,2024-05-12 06:33:00,2024-05-12 06:53:00,2024-05-12 07:47:00,2024-05-12 07:08:00,2024-05-12 08:02:00,2024-05-12 07:18:00,,2024-05-12 07:28:00,2024-05-12 08:22:00,2024-05-12 07:38:00,2024-05-12 08:32:00,2024-05-12 07:58:00,,,2024-05-12 08:52:00,2024-05-12 08:13:00,2024-05-12 09:12:00,2024-05-12 08:33:00,2024-05-12 09:32:00,,2024-05-12 09:42:00,2024-05-12 08:48:00,2024-05-12 10:02:00,2024-05-12 09:03:00,2024-05-12 10:32:00,2024-05-12 09:23:00,2024-05-12 11:02:00,2024-05-12 09:53:00,2024-05-12 11:22:00,2024-05-12 10:13:00,2024-05-12 11:42:00,2024-05-12 10:43:00,2024-05-12 12:12:00,2024-05-12 11:13:00,2024-05-12 12:42:00,2024-05-12 11:43:00,2024-05-12 13:02:00,2024-05-12 12:09:00,2024-05-12 13:22:00,2024-05-12 12:23:00,2024-05-12 13:52:00,2024-05-12 12:53:00,2024-05-12 14:22:00,2024-05-12 13:13:00,2024-05-12 14:52:00,2024-05-12 13:43:00,2024-05-12 15:22:00,2024-05-12 14:13:00,2024-05-12 15:42:00,2024-05-12 14:43:00,2024-05-12 16:02:00,2024-05-12 15:03:00,2024-05-12 16:32:00,2024-05-12 15:33:00,2024-05-12 16:52:00,2024-05-12 15:53:00,2024-05-12 17:12:00,2024-05-12 16:13:00,2024-05-12 17:42:00,2024-05-12 16:43:00,2024-05-12 18:02:00,2024-05-12 17:03:00,2024-05-12 18:22:00,2024-05-12 17:23:00,2024-05-12 18:37:00,2024-05-12 17:38:00,2024-05-12 18:52:00,2024-05-12 17:53:00,2024-05-12 19:12:00,2024-05-12 18:13:00,2024-05-12 19:32:00,2024-05-12 18:33:00,2024-05-12 19:42:00,2024-05-12 18:48:00,2024-05-12 20:02:00,2024-05-12 19:03:00,2024-05-12 20:24:00,2024-05-12 19:33:00,2024-05-12 20:54:00,2024-05-12 20:03:00,2024-05-12 21:54:00,2024-05-12 21:03:00,2024-05-12 22:54:00,2024-05-12 22:03:00,2024-05-12 23:54:00,2024-05-12 23:03:00,2529595.32548,1152839.54191,814.0409180673935
"Lonay, gare",8595218,ABFAHRTSZEIT,2024-05-12 06:36:00,2024-05-12 05:43:00,2024-05-12 07:06:00,2024-05-12 06:13:00,2024-05-12 07:27:00,2024-05-12 06:33:00,2024-05-12 06:53:00,2024-05-12 07:47:00,2024-05-12 07:08:00,2024-05-12 08:02:00,2024-05-12 07:18:00,,2024-05-12 07:28:00,2024-05-12 08:22:00,2024-05-12 07:38:00,2024-05-12 08:32:00,2024-05-12 07:58:00,,,2024-05-12 08:52:00,2024-05-12 08:13:00,2024-05-12 09:12:00,2024-05-12 08:33:00,2024-05-12 09:32:00,,2024-05-12 09:42:00,2024-05-12 08:48:00,2024-05-12 10:02:00,2024-05-12 09:03:00,2024-05-12 10:32:00,2024-05-12 09:23:00,2024-05-12 11:02:00,2024-05-12 09:53:00,2024-05-12 11:22:00,2024-05-12 10:13:00,2024-05-12 11:42:00,2024-05-12 10:43:00,2024-05-12 12:12:00,2024-05-12 11:13:00,2024-05-12 12:42:00,2024-05-12 11:43:00,2024-05-12 13:02:00,2024-05-12 12:09:00,2024-05-12 13:22:00,2024-05-12 12:23:00,2024-05-12 13:52:00,2024-05-12 12:53:00,2024-05-12 14:22:00,2024-05-12 13:13:00,2024-05-12 14:52:00,2024-05-12 13:43:00,2024-05-12 15:22:00,2024-05-12 14:13:00,2024-05-12 15:42:00,2024-05-12 14:43:00,2024-05-12 16:02:00,2024-05-12 15:03:00,2024-05-12 16:32:00,2024-05-12 15:33:00,2024-05-12 16:52:00,2024-05-12 15:53:00,2024-05-12 17:12:00,2024-05-12 16:13:00,2024-05-12 17:42:00,2024-05-12 16:43:00,2024-05-12 18:02:00,2024-05-12 17:03:00,2024-05-12 18:22:00,2024-05-12 17:23:00,2024-05-12 18:37:00,2024-05-12 17:38:00,2024-05-12 18:52:00,2024-05-12 17:53:00,2024-05-12 19:12:00,2024-05-12 18:13:00,2024-05-12 19:32:00,2024-05-12 18:33:00,2024-05-12 19:42:00,2024-05-12 18:48:00,2024-05-12 20:02:00,2024-05-12 19:03:00,2024-05-12 20:24:00,2024-05-12 19:33:00,2024-05-12 20:54:00,2024-05-12 20:03:00,2024-05-12 21:54:00,2024-05-12 21:03:00,2024-05-12 22:54:00,2024-05-12 22:03:00,2024-05-12 23:54:00,2024-05-12 23:03:00,2529595.32548,1152839.54191,814.0409180673935
"Préverenges, Capellan",8588898,ABFAHRTSZEIT,2024-05-12 06:34:00,2024-05-12 05:44:00,2024-05-12 07:05:00,2024-05-12 06:14:00,2024-05-12 07:26:00,2024-05-12 06:34:00,2024-05-12 06:54:00,2024-05-12 07:46:00,2024-05-12 07:09:00,2024-05-12 08:01:00,2024-05-12 07:19:00,,2024-05-12 07:29:00,2024-05-12 08:21:00,2024-05-12 07:39:00,2024-05-12 08:31:00,2024-05-12 07:59:00,,,2024-05-12 08:51:00,2024-05-12 08:14:00,2024-05-12 09:11:00,2024-05-12 08:34:00,2024-05-12 09:31:00,,2024-05-12 09:41:00,2024-05-12 08:49:00,2024-05-12 10:01:00,2024-05-12 09:04:00,2024-05-12 10:31:00,2024-05-12 09:24:00,2024-05-12 11:01:00,2024-05-12 09:54:00,2024-05-12 11:21:00,2024-05-12 10:14:00,2024-05-12 11:41:00,2024-05-12 10:44:00,2024-05-12 12:11:00,2024-05-12 11:14:00,2024-05-12 12:41:00,2024-05-12 11:44:00,2024-05-12 13:01:00,2024-05-12 12:10:00,2024-05-12 13:21:00,2024-05-12 12:24:00,2024-05-12 13:51:00,2024-05-12 12:54:00,2024-05-12 14:21:00,2024-05-12 13:14:00,2024-05-12 14:51:00,2024-05-12 13:44:00,2024-05-12 15:21:00,2024-05-12 14:14:00,2024-05-12 15:41:00,2024-05-12 14:44:00,2024-05-12 16:01:00,2024-05-12 15:04:00,2024-05-12 16:31:00,2024-05-12 15:34:00,2024-05-12 16:51:00,2024-05-12 15:54:00,2024-05-12 17:11:00,2024-05-12 16:14:00,2024-05-12 17:41:00,2024-05-12 16:44:00,2024-05-12 18:01:00,2024-05-12 17:04:00,2024-05-12 18:21:00,2024-05-12 17:24:00,2024-05-12 18:36:00,2024-05-12 17:39:00,2024-05-12 18:51:00,2024-05-12 17:54:00,2024-05-12 19:11:00,2024-05-12 18:14:00,2024-05-12 19:31:00,2024-05-12 18:34:00,2024-05-12 19:41:00,2024-05-12 18:49:00,2024-05-12 20:01:00,2024-05-12 19:04:00,2024-05-12 20:23:00,2024-05-12 19:34:00,2024-05-12 20:53:00,2024-05-12 20:04:00,2024-05-12 21:53:00,2024-05-12 21:04:00,2024-05-12 22:53:00,2024-05-12 22:04:00,2024-05-12 23:53:00,2024-05-12 23:04:00,2529954.0,1152437.0,1353.1952564562494
"Préverenges, Capellan",8588898,ANKUNFTSZEIT,2024-05-12 06:34:00,2024-05-12 05:44:00,2024-05-12 07:05:00,2024-05-12 06:14:00,2024-05-12 07:26:00,2024-05-12 06:34:00,2024-05-12 06:54:00,2024-05-12 07:46:00,2024-05-12 07:09:00,2024-05-12 08:01:00,2024-05-12 07:19:00,,2024-05-12 07:29:00,2024-05-12 08:21:00,2024-05-12 07:39:00,2024-05-12 08:31:00,2024-05-12 07:59:00,,,2024-05-12 08:51:00,2024-05-12 08:14:00,2024-05-12 09:11:00,2024-05-12 08:34:00,2024-05-12 09:31:00,,2024-05-12 09:41:00,2024-05-12 08:49:00,2024-05-12 10:01:00,2024-05-12 09:04:00,2024-05-12 10:31:00,2024-05-12 09:24:00,2024-05-12 11:01:00,2024-05-12 09:54:00,2024-05-12 11:21:00,2024-05-12 10:14:00,2024-05-12 11:41:00,2024-05-12 10:44:00,2024-05-12 12:11:00,2024-05-12 11:14:00,2024-05-12 12:41:00,2024-05-12 11:44:00,2024-05-12 13:01:00,2024-05-12 12:10:00,2024-05-12 13:21:00,2024-05-12 12:24:00,2024-05-12 13:51:00,2024-05-12 12:54:00,2024-05-12 14:21:00,2024-05-12 13:14:00,2024-05-12 14:51:00,2024-05-12 13:44:00,2024-05-12 15:21:00,2024-05-12 14:14:00,2024-05-12 15:41:00,2024-05-12 14:44:00,2024-05-12 16:01:00,2024-05-12 15:04:00,2024-05-12 16:31:00,2024-05-12 15:34:00,2024-05-12 16:51:00,2024-05-12 15:54:00,2024-05-12 17:11:00,2024-05-12 16:14:00,2024-05-12 17:41:00,2024-05-12 16:44:00,2024-05-12 18:01:00,2024-05-12 17:04:00,2024-05-12 18:21:00,2024-05-12 17:24:00,2024-05-12 18:36:00,2024-05-12 17:39:00,2024-05-12 18:51:00,2024-05-12 17:54:00,2024-05-12 19:11:00,2024-05-12 18:14:00,2024-05-12 19:31:00,2024-05-12 18:34:00,2024-05-12 19:41:00,2024-05-12 18:49:00,2024-05-12 20:01:00,2024-05-12 19:04:00,2024-05-12 20:23:00,2024-05-12 19:34:00,2024-05-12 20:53:00,2024-05-12 20:04:00,2024-05-12 21:53:00,2024-05-12 21:04:00,2024-05-12 22:53:00,2024-05-12 22:04:00,2024-05-12 23:53:00,2024-05-12 23:04:00,2529954.0,1152437.0,1353.1952564562494
"Préverenges, village",8579230,ABFAHRTSZEIT,2024-05-12 06:33:00,2024-05-12 05:45:00,2024-05-12 07:04:00,2024-05-12 06:15:00,2024-05-12 07:25:00,2024-05-12 06:35:00,2024-05-12 06:55:00,2024-05-12 07:45:00,2024-05-12 07:10:00,2024-05-12 08:00:00,2024-05-12 07:20:00,,2024-05-12 07:30:00,2024-05-12 08:20:00,2024-05-12 07:40:00,2024-05-12 08:30:00,2024-05-12 08:00:00,,,2024-05-12 08:50:00,2024-05-12 08:15:00,2024-05-12 09:10:00,2024-05-12 08:35:00,2024-05-12 09:30:00,,2024-05-12 09:40:00,2024-05-12 08:50:00,2024-05-12 10:00:00,2024-05-12 09:05:00,2024-05-12 10:30:00,2024-05-12 09:25:00,2024-05-12 11:00:00,2024-05-12 09:55:00,2024-05-12 11:20:00,2024-05-12 10:15:00,2024-05-12 11:40:00,2024-05-12 10:45:00,2024-05-12 12:10:00,2024-05-12 11:15:00,2024-05-12 12:40:00,2024-05-12 11:45:00,2024-05-12 13:00:00,2024-05-12 12:11:00,2024-05-12 13:20:00,2024-05-12 12:25:00,2024-05-12 13:50:00,2024-05-12 12:55:00,2024-05-12 14:20:00,2024-05-12 13:15:00,2024-05-12 14:50:00,2024-05-12 13:45:00,2024-05-12 15:20:00,2024-05-12 14:15:00,2024-05-12 15:40:00,2024-05-12 14:45:00,2024-05-12 16:00:00,2024-05-12 15:05:00,2024-05-12 16:30:00,2024-05-12 15:35:00,2024-05-12 16:50:00,2024-05-12 15:55:00,2024-05-12 17:10:00,2024-05-12 16:15:00,2024-05-12 17:40:00,2024-05-12 16:45:00,2024-05-12 18:00:00,2024-05-12 17:05:00,2024-05-12 18:20:00,2024-05-12 17:25:00,2024-05-12 18:35:00,2024-05-12 17:40:00,2024-05-12 18:50:00,2024-05-12 17:55:00,2024-05-12 19:10:00,2024-05-12 18:15:00,2024-05-12 19:30:00,2024-05-12 18:35:00,2024-05-12 19:40:00,2024-05-12 18:50:00,2024-05-12 20:00:00,2024-05-12 19:05:00,2024-05-12 20:22:00,2024-05-12 19:35:00,2024-05-12 20:52:00,2024-05-12 20:05:00,2024-05-12 21:52:00,2024-05-12 21:05:00,2024-05-12 22:52:00,2024-05-12 22:05:00,2024-05-12 23:52:00,2024-05-12 23:05:00,2529987.0,1152190.0,1602.3899594497118
"Préverenges, village",8579230,ANKUNFTSZEIT,2024-05-12 06:33:00,2024-05-12 05:45:00,2024-05-12 07:04:00,2024-05-12 06:15:00,2024-05-12 07:25:00,2024-05-12 06:35:00,2024-05-12 06:55:00,2024-05-12 07:45:00,2024-05-12 07:10:00,2024-05-12 08:00:00,2024-05-12 07:20:00,,2024-05-12 07:30:00,2024-05-12 08:20:00,2024-05-12 07:40:00,2024-05-12 08:30:00,2024-05-12 08:00:00,,,2024-05-12 08:50:00,2024-05-12 08:15:00,2024-05-12 09:10:00,2024-05-12 08:35:00,2024-05-12 09:30:00,,2024-05-12 09:40:00,2024-05-12 08:50:00,2024-05-12 10:00:00,2024-05-12 09:05:00,2024-05-12 10:30:00,2024-05-12 09:25:00,2024-05-12 11:00:00,2024-05-12 09:55:00,2024-05-12 11:20:00,2024-05-12 10:15:00,2024-05-12 11:40:00,2024-05-12 10:45:00,2024-05-12 12:10:00,2024-05-12 11:15:00,2024-05-12 12:40:00,2024-05-12 11:45:00,2024-05-12 13:00:00,2024-05-12 12:11:00,2024-05-12 13:20:00,2024-05-12 12:25:00,2024-05-12 13:50:00,2024-05-12 12:55:00,2024-05-12 14:20:00,2024-05-12 13:15:00,2024-05-12 14:50:00,2024-05-12 13:45:00,2024-05-12 15:20:00,2024-05-12 14:15:00,2024-05-12 15:40:00,2024-05-12 14:45:00,2024-05-12 16:00:00,2024-05-12 15:05:00,2024-05-12 16:30:00,2024-05-12 15:35:00,2024-05-12 16:50:00,2024-05-12 15:55:00,2024-05-12 17:10:00,2024-05-12 16:15:00,2024-05-12 17:40:00,2024-05-12 16:45:00,2024-05-12 18:00:00,2024-05-12 17:05:00,2024-05-12 18:20:00,2024-05-12 17:25:00,2024-05-12 18:35:00,2024-05-12 17:40:00,2024-05-12 18:50:00,2024-05-12 17:55:00,2024-05-12 19:10:00,2024-05-12 18:15:00,2024-05-12 19:30:00,2024-05-12 18:35:00,2024-05-12 19:40:00,2024-05-12 18:50:00,2024-05-12 20:00:00,2024-05-12 19:05:00,2024-05-12 20:22:00,2024-05-12 19:35:00,2024-05-12 20:52:00,2024-05-12 20:05:00,2024-05-12 21:52:00,2024-05-12 21:05:00,2024-05-12 22:52:00,2024-05-12 22:05:00,2024-05-12 23:52:00,2024-05-12 23:05:00,2529987.0,1152190.0,1602.3899594497118
"Denges, Pierraz-Mur",8592240,ABFAHRTSZEIT,2024-05-12 06:32:00,2024-05-12 05:47:00,2024-05-12 07:02:00,2024-05-12 06:17:00,2024-05-12 07:23:00,2024-05-12 06:37:00,2024-05-12 06:57:00,2024-05-12 07:43:00,2024-05-12 07:13:00,2024-05-12 07:58:00,2024-05-12 07:23:00,,2024-05-12 07:33:00,2024-05-12 08:18:00,2024-05-12 07:43:00,2024-05-12 08:28:00,2024-05-12 08:03:00,,,2024-05-12 08:48:00,2024-05-12 08:18:00,2024-05-12 09:08:00,2024-05-12 08:38:00,2024-05-12 09:28:00,,2024-05-12 09:38:00,2024-05-12 08:53:00,2024-05-12 09:58:00,2024-05-12 09:08:00,2024-05-12 10:28:00,2024-05-12 09:28:00,2024-05-12 10:58:00,2024-05-12 09:58:00,2024-05-12 11:18:00,2024-05-12 10:18:00,2024-05-12 11:38:00,2024-05-12 10:48:00,2024-05-12 12:08:00,2024-05-12 11:18:00,2024-05-12 12:38:00,2024-05-12 11:48:00,2024-05-12 12:58:00,2024-05-12 12:14:00,2024-05-12 13:18:00,2024-05-12 12:28:00,2024-05-12 13:48:00,2024-05-12 12:58:00,2024-05-12 14:18:00,2024-05-12 13:18:00,2024-05-12 14:48:00,2024-05-12 13:48:00,2024-05-12 15:18:00,2024-05-12 14:18:00,2024-05-12 15:38:00,2024-05-12 14:48:00,2024-05-12 15:58:00,2024-05-12 15:08:00,2024-05-12 16:28:00,2024-05-12 15:38:00,2024-05-12 16:48:00,2024-05-12 15:58:00,2024-05-12 17:08:00,2024-05-12 16:18:00,2024-05-12 17:38:00,2024-05-12 16:48:00,2024-05-12 17:58:00,2024-05-12 17:08:00,2024-05-12 18:18:00,2024-05-12 17:28:00,2024-05-12 18:33:00,2024-05-12 17:43:00,2024-05-12 18:48:00,2024-05-12 17:58:00,2024-05-12 19:08:00,2024-05-12 18:18:00,2024-05-12 19:28:00,2024-05-12 18:38:00,2024-05-12 19:38:00,2024-05-12 18:53:00,2024-05-12 19:58:00,2024-05-12 19:08:00,2024-05-12 20:20:00,2024-05-12 19:37:00,2024-05-12 20:50:00,2024-05-12 20:07:00,2024-05-12 21:50:00,2024-05-12 21:07:00,2024-05-12 22:50:00,2024-05-12 22:07:00,2024-05-12 23:50:00,2024-05-12 23:07:00,2530776.0,1151938.0,2430.6562209864232
"Denges, Pierraz-Mur",8592240,ANKUNFTSZEIT,2024-05-12 06:32:00,2024-05-12 05:47:00,2024-05-12 07:02:00,2024-05-12 06:17:00,2024-05-12 07:23:00,2024-05-12 06:37:00,2024-05-12 06:57:00,2024-05-12 07:43:00,2024-05-12 07:13:00,2024-05-12 07:58:00,2024-05-12 07:23:00,,2024-05-12 07:33:00,2024-05-12 08:18:00,2024-05-12 07:43:00,2024-05-12 08:28:00,2024-05-12 08:03:00,,,2024-05-12 08:48:00,2024-05-12 08:18:00,2024-05-12 09:08:00,2024-05-12 08:38:00,2024-05-12 09:28:00,,2024-05-12 09:38:00,2024-05-12 08:53:00,2024-05-12 09:58:00,2024-05-12 09:08:00,2024-05-12 10:28:00,2024-05-12 09:28:00,2024-05-12 10:58:00,2024-05-12 09:58:00,2024-05-12 11:18:00,2024-05-12 10:18:00,2024-05-12 11:38:00,2024-05-12 10:48:00,2024-05-12 12:08:00,2024-05-12 11:18:00,2024-05-12 12:38:00,2024-05-12 11:48:00,2024-05-12 12:58:00,2024-05-12 12:14:00,2024-05-12 13:18:00,2024-05-12 12:28:00,2024-05-12 13:48:00,2024-05-12 12:58:00,2024-05-12 14:18:00,2024-05-12 13:18:00,2024-05-12 14:48:00,2024-05-12 13:48:00,2024-05-12 15:18:00,2024-05-12 14:18:00,2024-05-12 15:38:00,2024-05-12 14:48:00,2024-05-12 15:58:00,2024-05-12 15:08:00,2024-05-12 16:28:00,2024-05-12 15:38:00,2024-05-12 16:48:00,2024-05-12 15:58:00,2024-05-12 17:08:00,2024-05-12 16:18:00,2024-05-12 17:38:00,2024-05-12 16:48:00,2024-05-12 17:58:00,2024-05-12 17:08:00,2024-05-12 18:18:00,2024-05-12 17:28:00,2024-05-12 18:33:00,2024-05-12 17:43:00,2024-05-12 18:48:00,2024-05-12 17:58:00,2024-05-12 19:08:00,2024-05-12 18:18:00,2024-05-12 19:28:00,2024-05-12 18:38:00,2024-05-12 19:38:00,2024-05-12 18:53:00,2024-05-12 19:58:00,2024-05-12 19:08:00,2024-05-12 20:20:00,2024-05-12 19:37:00,2024-05-12 20:50:00,2024-05-12 20:07:00,2024-05-12 21:50:00,2024-05-12 21:07:00,2024-05-12 22:50:00,2024-05-12 22:07:00,2024-05-12 23:50:00,2024-05-12 23:07:00,2530776.0,1151938.0,2430.6562209864232
"Denges, Sur les Moulins",8592241,ANKUNFTSZEIT,2024-05-12 06:30:00,2024-05-12 05:48:00,2024-05-12 07:00:00,2024-05-12 06:18:00,2024-05-12 07:21:00,2024-05-12 06:38:00,2024-05-12 06:58:00,2024-05-12 07:41:00,2024-05-12 07:14:00,2024-05-12 07:56:00,2024-05-12 07:24:00,,2024-05-12 07:34:00,2024-05-12 08:16:00,2024-05-12 07:44:00,2024-05-12 08:26:00,2024-05-12 08:04:00,,,2024-05-12 08:46:00,2024-05-12 08:19:00,2024-05-12 09:06:00,2024-05-12 08:39:00,2024-05-12 09:26:00,,2024-05-12 09:36:00,2024-05-12 08:54:00,2024-05-12 09:56:00,2024-05-12 09:09:00,2024-05-12 10:26:00,2024-05-12 09:29:00,2024-05-12 10:56:00,2024-05-12 09:59:00,2024-05-12 11:16:00,2024-05-12 10:19:00,2024-05-12 11:36:00,2024-05-12 10:49:00,2024-05-12 12:06:00,2024-05-12 11:19:00,2024-05-12 12:36:00,2024-05-12 11:49:00,2024-05-12 12:56:00,2024-05-12 12:15:00,2024-05-12 13:16:00,2024-05-12 12:29:00,2024-05-12 13:46:00,2024-05-12 12:59:00,2024-05-12 14:16:00,2024-05-12 13:19:00,2024-05-12 14:46:00,2024-05-12 13:49:00,2024-05-12 15:16:00,2024-05-12 14:19:00,2024-05-12 15:36:00,2024-05-12 14:49:00,2024-05-12 15:56:00,2024-05-12 15:09:00,2024-05-12 16:26:00,2024-05-12 15:39:00,2024-05-12 16:46:00,2024-05-12 15:59:00,2024-05-12 17:06:00,2024-05-12 16:19:00,2024-05-12 17:36:00,2024-05-12 16:49:00,2024-05-12 17:56:00,2024-05-12 17:09:00,2024-05-12 18:16:00,2024-05-12 17:29:00,2024-05-12 18:31:00,2024-05-12 17:44:00,2024-05-12 18:46:00,2024-05-12 17:59:00,2024-05-12 19:06:00,2024-05-12 18:19:00,2024-05-12 19:26:00,2024-05-12 18:39:00,2024-05-12 19:36:00,2024-05-12 18:54:00,2024-05-12 19:56:00,2024-05-12 19:09:00,2024-05-12 20:18:00,2024-05-12 19:38:00,2024-05-12 20:48:00,2024-05-12 20:08:00,2024-05-12 21:48:00,2024-05-12 21:08:00,2024-05-12 22:48:00,2024-05-12 22:08:00,2024-05-12 23:48:00,2024-05-12 23:08:00,2531176.04448,1151922.30311,2831.008538744506
"Denges, Sur les Moulins",8592241,ABFAHRTSZEIT,2024-05-12 06:30:00,2024-05-12 05:48:00,2024-05-12 07:00:00,2024-05-12 06:18:00,2024-05-12 07:21:00,2024-05-12 06:38:00,2024-05-12 06:58:00,2024-05-12 07:41:00,2024-05-12 07:14:00,2024-05-12 07:56:00,2024-05-12 07:24:00,,2024-05-12 07:34:00,2024-05-12 08:16:00,2024-05-12 07:44:00,2024-05-12 08:26:00,2024-05-12 08:04:00,,,2024-05-12 08:46:00,2024-05-12 08:19:00,2024-05-12 09:06:00,2024-05-12 08:39:00,2024-05-12 09:26:00,,2024-05-12 09:36:00,2024-05-12 08:54:00,2024-05-12 09:56:00,2024-05-12 09:09:00,2024-05-12 10:26:00,2024-05-12 09:29:00,2024-05-12 10:56:00,2024-05-12 09:59:00,2024-05-12 11:16:00,2024-05-12 10:19:00,2024-05-12 11:36:00,2024-05-12 10:49:00,2024-05-12 12:06:00,2024-05-12 11:19:00,2024-05-12 12:36:00,2024-05-12 11:49:00,2024-05-12 12:56:00,2024-05-12 12:15:00,2024-05-12 13:16:00,2024-05-12 12:29:00,2024-05-12 13:46:00,2024-05-12 12:59:00,2024-05-12 14:16:00,2024-05-12 13:19:00,2024-05-12 14:46:00,2024-05-12 13:49:00,2024-05-12 15:16:00,2024-05-12 14:19:00,2024-05-12 15:36:00,2024-05-12 14:49:00,2024-05-12 15:56:00,2024-05-12 15:09:00,2024-05-12 16:26:00,2024-05-12 15:39:00,2024-05-12 16:46:00,2024-05-12 15:59:00,2024-05-12 17:06:00,2024-05-12 16:19:00,2024-05-12 17:36:00,2024-05-12 16:49:00,2024-05-12 17:56:00,2024-05-12 17:09:00,2024-05-12 18:16:00,2024-05-12 17:29:00,2024-05-12 18:31:00,2024-05-12 17:44:00,2024-05-12 18:46:00,2024-05-12 17:59:00,2024-05-12 19:06:00,2024-05-12 18:19:00,2024-05-12 19:26:00,2024-05-12 18:39:00,2024-05-12 19:36:00,2024-05-12 18:54:00,2024-05-12 19:56:00,2024-05-12 19:09:00,2024-05-12 20:18:00,2024-05-12 19:38:00,2024-05-12 20:48:00,2024-05-12 20:08:00,2024-05-12 21:48:00,2024-05-12 21:08:00,2024-05-12 22:48:00,2024-05-12 22:08:00,2024-05-12 23:48:00,2024-05-12 23:08:00,2531176.04448,1151922.30311,2831.008538744506
"Denges, La Pale",8592239,ANKUNFTSZEIT,2024-05-12 06:29:00,2024-05-12 05:49:00,2024-05-12 06:59:00,2024-05-12 06:19:00,2024-05-12 07:20:00,2024-05-12 06:39:00,2024-05-12 06:59:00,2024-05-12 07:40:00,2024-05-12 07:15:00,2024-05-12 07:55:00,2024-05-12 07:25:00,,2024-05-12 07:35:00,2024-05-12 08:15:00,2024-05-12 07:45:00,2024-05-12 08:25:00,2024-05-12 08:05:00,,,2024-05-12 08:45:00,2024-05-12 08:20:00,2024-05-12 09:05:00,2024-05-12 08:40:00,2024-05-12 09:25:00,,2024-05-12 09:35:00,2024-05-12 08:55:00,2024-05-12 09:55:00,2024-05-12 09:10:00,2024-05-12 10:25:00,2024-05-12 09:30:00,2024-05-12 10:55:00,2024-05-12 10:00:00,2024-05-12 11:15:00,2024-05-12 10:20:00,2024-05-12 11:35:00,2024-05-12 10:50:00,2024-05-12 12:05:00,2024-05-12 11:20:00,2024-05-12 12:35:00,2024-05-12 11:50:00,2024-05-12 12:55:00,2024-05-12 12:16:00,2024-05-12 13:15:00,2024-05-12 12:30:00,2024-05-12 13:45:00,2024-05-12 13:00:00,2024-05-12 14:15:00,2024-05-12 13:20:00,2024-05-12 14:45:00,2024-05-12 13:50:00,2024-05-12 15:15:00,2024-05-12 14:20:00,2024-05-12 15:35:00,2024-05-12 14:50:00,2024-05-12 15:55:00,2024-05-12 15:10:00,2024-05-12 16:25:00,2024-05-12 15:40:00,2024-05-12 16:45:00,2024-05-12 16:00:00,2024-05-12 17:05:00,2024-05-12 16:20:00,2024-05-12 17:35:00,2024-05-12 16:50:00,2024-05-12 17:55:00,2024-05-12 17:10:00,2024-05-12 18:15:00,2024-05-12 17:30:00,2024-05-12 18:30:00,2024-05-12 17:45:00,2024-05-12 18:45:00,2024-05-12 18:00:00,2024-05-12 19:05:00,2024-05-12 18:20:00,2024-05-12 19:25:00,2024-05-12 18:40:00,2024-05-12 19:35:00,2024-05-12 18:55:00,2024-05-12 19:55:00,2024-05-12 19:10:00,2024-05-12 20:17:00,2024-05-12 19:39:00,2024-05-12 20:47:00,2024-05-12 20:09:00,2024-05-12 21:47:00,2024-05-12 21:09:00,2024-05-12 22:47:00,2024-05-12 22:09:00,2024-05-12 23:47:00,2024-05-12 23:09:00,2531209.31847,1152347.6803,3257.685128426573
"Denges, La Pale",8592239,ABFAHRTSZEIT,2024-05-12 06:29:00,2024-05-12 05:49:00,2024-05-12 06:59:00,2024-05-12 06:19:00,2024-05-12 07:20:00,2024-05-12 06:39:00,2024-05-12 06:59:00,2024-05-12 07:40:00,2024-05-12 07:15:00,2024-05-12 07:55:00,2024-05-12 07:25:00,,2024-05-12 07:35:00,2024-05-12 08:15:00,2024-05-12 07:45:00,2024-05-12 08:25:00,2024-05-12 08:05:00,,,2024-05-12 08:45:00,2024-05-12 08:20:00,2024-05-12 09:05:00,2024-05-12 08:40:00,2024-05-12 09:25:00,,2024-05-12 09:35:00,2024-05-12 08:55:00,2024-05-12 09:55:00,2024-05-12 09:10:00,2024-05-12 10:25:00,2024-05-12 09:30:00,2024-05-12 10:55:00,2024-05-12 10:00:00,2024-05-12 11:15:00,2024-05-12 10:20:00,2024-05-12 11:35:00,2024-05-12 10:50:00,2024-05-12 12:05:00,2024-05-12 11:20:00,2024-05-12 12:35:00,2024-05-12 11:50:00,2024-05-12 12:55:00,2024-05-12 12:16:00,2024-05-12 13:15:00,2024-05-12 12:30:00,2024-05-12 13:45:00,2024-05-12 13:00:00,2024-05-12 14:15:00,2024-05-12 13:20:00,2024-05-12 14:45:00,2024-05-12 13:50:00,2024-05-12 15:15:00,2024-05-12 14:20:00,2024-05-12 15:35:00,2024-05-12 14:50:00,2024-05-12 15:55:00,2024-05-12 15:10:00,2024-05-12 16:25:00,2024-05-12 15:40:00,2024-05-12 16:45:00,2024-05-12 16:00:00,2024-05-12 17:05:00,2024-05-12 16:20:00,2024-05-12 17:35:00,2024-05-12 16:50:00,2024-05-12 17:55:00,2024-05-12 17:10:00,2024-05-12 18:15:00,2024-05-12 17:30:00,2024-05-12 18:30:00,2024-05-12 17:45:00,2024-05-12 18:45:00,2024-05-12 18:00:00,2024-05-12 19:05:00,2024-05-12 18:20:00,2024-05-12 19:25:00,2024-05-12 18:40:00,2024-05-12 19:35:00,2024-05-12 18:55:00,2024-05-12 19:55:00,2024-05-12 19:10:00,2024-05-12 20:17:00,2024-05-12 19:39:00,2024-05-12 20:47:00,2024-05-12 20:09:00,2024-05-12 21:47:00,2024-05-12 21:09:00,2024-05-12 22:47:00,2024-05-12 22:09:00,2024-05-12 23:47:00,2024-05-12 23:09:00,2531209.31847,1152347.6803,3257.685128426573
"Denges, village",8592242,ANKUNFTSZEIT,2024-05-12 06:27:00,2024-05-12 05:50:00,2024-05-12 06:57:00,2024-05-12 06:20:00,2024-05-12 07:18:00,2024-05-12 06:40:00,2024-05-12 07:00:00,2024-05-12 07:38:00,2024-05-12 07:17:00,2024-05-12 07:53:00,2024-05-12 07:27:00,,2024-05-12 07:37:00,2024-05-12 08:13:00,2024-05-12 07:47:00,2024-05-12 08:23:00,2024-05-12 08:07:00,,,2024-05-12 08:43:00,2024-05-12 08:22:00,2024-05-12 09:03:00,2024-05-12 08:42:00,2024-05-12 09:23:00,,2024-05-12 09:33:00,2024-05-12 08:57:00,2024-05-12 09:53:00,2024-05-12 09:12:00,2024-05-12 10:23:00,2024-05-12 09:32:00,2024-05-12 10:53:00,2024-05-12 10:02:00,2024-05-12 11:13:00,2024-05-12 10:22:00,2024-05-12 11:33:00,2024-05-12 10:52:00,2024-05-12 12:03:00,2024-05-12 11:22:00,2024-05-12 12:33:00,2024-05-12 11:52:00,2024-05-12 12:53:00,2024-05-12 12:18:00,2024-05-12 13:13:00,2024-05-12 12:32:00,2024-05-12 13:43:00,2024-05-12 13:02:00,2024-05-12 14:13:00,2024-05-12 13:22:00,2024-05-12 14:43:00,2024-05-12 13:52:00,2024-05-12 15:13:00,2024-05-12 14:22:00,2024-05-12 15:33:00,2024-05-12 14:52:00,2024-05-12 15:53:00,2024-05-12 15:12:00,2024-05-12 16:23:00,2024-05-12 15:42:00,2024-05-12 16:43:00,2024-05-12 16:02:00,2024-05-12 17:03:00,2024-05-12 16:22:00,2024-05-12 17:33:00,2024-05-12 16:52:00,2024-05-12 17:53:00,2024-05-12 17:12:00,2024-05-12 18:13:00,2024-05-12 17:32:00,2024-05-12 18:28:00,2024-05-12 17:47:00,2024-05-12 18:43:00,2024-05-12 18:02:00,2024-05-12 19:03:00,2024-05-12 18:22:00,2024-05-12 19:23:00,2024-05-12 18:42:00,2024-05-12 19:33:00,2024-05-12 18:57:00,2024-05-12 19:53:00,2024-05-12 19:11:00,2024-05-12 20:15:00,2024-05-12 19:40:00,2024-05-12 20:45:00,2024-05-12 20:10:00,2024-05-12 21:45:00,2024-05-12 21:10:00,2024-05-12 22:45:00,2024-05-12 22:10:00,2024-05-12 23:45:00,2024-05-12 23:10:00,2531088.48382,1152835.77612,3760.5156586672924
"Denges, village",8592242,ABFAHRTSZEIT,2024-05-12 06:27:00,2024-05-12 05:50:00,2024-05-12 06:57:00,2024-05-12 06:20:00,2024-05-12 07:18:00,2024-05-12 06:40:00,2024-05-12 07:00:00,2024-05-12 07:38:00,2024-05-12 07:17:00,2024-05-12 07:53:00,2024-05-12 07:27:00,,2024-05-12 07:37:00,2024-05-12 08:13:00,2024-05-12 07:47:00,2024-05-12 08:23:00,2024-05-12 08:07:00,,,2024-05-12 08:43:00,2024-05-12 08:22:00,2024-05-12 09:03:00,2024-05-12 08:42:00,2024-05-12 09:23:00,,2024-05-12 09:33:00,2024-05-12 08:57:00,2024-05-12 09:53:00,2024-05-12 09:12:00,2024-05-12 10:23:00,2024-05-12 09:32:00,2024-05-12 10:53:00,2024-05-12 10:02:00,2024-05-12 11:13:00,2024-05-12 10:22:00,2024-05-12 11:33:00,2024-05-12 10:52:00,2024-05-12 12:03:00,2024-05-12 11:22:00,2024-05-12 12:33:00,2024-05-12 11:52:00,2024-05-12 12:53:00,2024-05-12 12:18:00,2024-05-12 13:13:00,2024-05-12 12:32:00,2024-05-12 13:43:00,2024-05-12 13:02:00,2024-05-12 14:13:00,2024-05-12 13:22:00,2024-05-12 14:43:00,2024-05-12 13:52:00,2024-05-12 15:13:00,2024-05-12 14:22:00,2024-05-12 15:33:00,2024-05-12 14:52:00,2024-05-12 15:53:00,2024-05-12 15:12:00,2024-05-12 16:23:00,2024-05-12 15:42:00,2024-05-12 16:43:00,2024-05-12 16:02:00,2024-05-12 17:03:00,2024-05-12 16:22:00,2024-05-12 17:33:00,2024-05-12 16:52:00,2024-05-12 17:53:00,2024-05-12 17:12:00,2024-05-12 18:13:00,2024-05-12 17:32:00,2024-05-12 18:28:00,2024-05-12 17:47:00,2024-05-12 18:43:00,2024-05-12 18:02:00,2024-05-12 19:03:00,2024-05-12 18:22:00,2024-05-12 19:23:00,2024-05-12 18:42:00,2024-05-12 19:33:00,2024-05-12 18:57:00,2024-05-12 19:53:00,2024-05-12 19:11:00,2024-05-12 20:15:00,2024-05-12 19:40:00,2024-05-12 20:45:00,2024-05-12 20:10:00,2024-05-12 21:45:00,2024-05-12 21:10:00,2024-05-12 22:45:00,2024-05-12 22:10:00,2024-05-12 23:45:00,2024-05-12 23:10:00,2531088.48382,1152835.77612,3760.5156586672924
"Denges, Les Oches",8588872,ABFAHRTSZEIT,2024-05-12 06:26:00,2024-05-12 05:51:00,2024-05-12 06:56:00,2024-05-12 06:21:00,2024-05-12 07:17:00,2024-05-12 06:41:00,2024-05-12 07:01:00,2024-05-12 07:37:00,2024-05-12 07:18:00,2024-05-12 07:52:00,2024-05-12 07:28:00,,2024-05-12 07:38:00,2024-05-12 08:12:00,2024-05-12 07:48:00,2024-05-12 08:22:00,2024-05-12 08:08:00,,,2024-05-12 08:42:00,2024-05-12 08:23:00,2024-05-12 09:02:00,2024-05-12 08:43:00,2024-05-12 09:22:00,,2024-05-12 09:32:00,2024-05-12 08:58:00,2024-05-12 09:52:00,2024-05-12 09:13:00,2024-05-12 10:22:00,2024-05-12 09:33:00,2024-05-12 10:52:00,2024-05-12 10:03:00,2024-05-12 11:12:00,2024-05-12 10:23:00,2024-05-12 11:32:00,2024-05-12 10:53:00,2024-05-12 12:02:00,2024-05-12 11:23:00,2024-05-12 12:32:00,2024-05-12 11:53:00,2024-05-12 12:52:00,2024-05-12 12:19:00,2024-05-12 13:12:00,2024-05-12 12:33:00,2024-05-12 13:42:00,2024-05-12 13:03:00,2024-05-12 14:12:00,2024-05-12 13:23:00,2024-05-12 14:42:00,2024-05-12 13:53:00,2024-05-12 15:12:00,2024-05-12 14:23:00,2024-05-12 15:32:00,2024-05-12 14:53:00,2024-05-12 15:52:00,2024-05-12 15:13:00,2024-05-12 16:22:00,2024-05-12 15:43:00,2024-05-12 16:42:00,2024-05-12 16:03:00,2024-05-12 17:02:00,2024-05-12 16:23:00,2024-05-12 17:32:00,2024-05-12 16:53:00,2024-05-12 17:52:00,2024-05-12 17:13:00,2024-05-12 18:12:00,2024-05-12 17:33:00,2024-05-12 18:27:00,2024-05-12 17:48:00,2024-05-12 18:42:00,2024-05-12 18:03:00,2024-05-12 19:02:00,2024-05-12 18:23:00,2024-05-12 19:22:00,2024-05-12 18:43:00,2024-05-12 19:32:00,2024-05-12 18:58:00,2024-05-12 19:52:00,2024-05-12 19:12:00,2024-05-12 20:14:00,2024-05-12 19:41:00,2024-05-12 20:44:00,2024-05-12 20:11:00,2024-05-12 21:44:00,2024-05-12 21:11:00,2024-05-12 22:44:00,2024-05-12 22:11:00,2024-05-12 23:44:00,2024-05-12 23:11:00,2531178.62831,1153155.79499,4092.9883736882853
"Denges, Les Oches",8588872,ANKUNFTSZEIT,2024-05-12 06:26:00,2024-05-12 05:51:00,2024-05-12 06:56:00,2024-05-12 06:21:00,2024-05-12 07:17:00,2024-05-12 06:41:00,2024-05-12 07:01:00,2024-05-12 07:37:00,2024-05-12 07:18:00,2024-05-12 07:52:00,2024-05-12 07:28:00,,2024-05-12 07:38:00,2024-05-12 08:12:00,2024-05-12 07:48:00,2024-05-12 08:22:00,2024-05-12 08:08:00,,,2024-05-12 08:42:00,2024-05-12 08:23:00,2024-05-12 09:02:00,2024-05-12 08:43:00,2024-05-12 09:22:00,,2024-05-12 09:32:00,2024-05-12 08:58:00,2024-05-12 09:52:00,2024-05-12 09:13:00,2024-05-12 10:22:00,2024-05-12 09:33:00,2024-05-12 10:52:00,2024-05-12 10:03:00,2024-05-12 11:12:00,2024-05-12 10:23:00,2024-05-12 11:32:00,2024-05-12 10:53:00,2024-05-12 12:02:00,2024-05-12 11:23:00,2024-05-12 12:32:00,2024-05-12 11:53:00,2024-05-12 12:52:00,2024-05-12 12:19:00,2024-05-12 13:12:00,2024-05-12 12:33:00,2024-05-12 13:42:00,2024-05-12 13:03:00,2024-05-12 14:12:00,2024-05-12 13:23:00,2024-05-12 14:42:00,2024-05-12 13:53:00,2024-05-12 15:12:00,2024-05-12 14:23:00,2024-05-12 15:32:00,2024-05-12 14:53:00,2024-05-12 15:52:00,2024-05-12 15:13:00,2024-05-12 16:22:00,2024-05-12 15:43:00,2024-05-12 16:42:00,2024-05-12 16:03:00,2024-05-12 17:02:00,2024-05-12 16:23:00,2024-05-12 17:32:00,2024-05-12 16:53:00,2024-05-12 17:52:00,2024-05-12 17:13:00,2024-05-12 18:12:00,2024-05-12 17:33:00,2024-05-12 18:27:00,2024-05-12 17:48:00,2024-05-12 18:42:00,2024-05-12 18:03:00,2024-05-12 19:02:00,2024-05-12 18:23:00,2024-05-12 19:22:00,2024-05-12 18:43:00,2024-05-12 19:32:00,2024-05-12 18:58:00,2024-05-12 19:52:00,2024-05-12 19:12:00,2024-05-12 20:14:00,2024-05-12 19:41:00,2024-05-12 20:44:00,2024-05-12 20:11:00,2024-05-12 21:44:00,2024-05-12 21:11:00,2024-05-12 22:44:00,2024-05-12 22:11:00,2024-05-12 23:44:00,2024-05-12 23:11:00,2531178.62831,1153155.79499,4092.9883736882853
"Echandens, collège",8595213,ANKUNFTSZEIT,2024-05-12 06:24:00,2024-05-12 05:53:00,2024-05-12 06:54:00,2024-05-12 06:23:00,2024-05-12 07:14:00,2024-05-12 06:43:00,2024-05-12 07:03:00,2024-05-12 07:34:00,2024-05-12 07:20:00,2024-05-12 07:49:00,2024-05-12 07:30:00,,2024-05-12 07:40:00,2024-05-12 08:09:00,2024-05-12 07:50:00,2024-05-12 08:19:00,2024-05-12 08:10:00,,,2024-05-12 08:39:00,2024-05-12 08:25:00,2024-05-12 08:59:00,2024-05-12 08:45:00,2024-05-12 09:19:00,,2024-05-12 09:29:00,2024-05-12 09:00:00,2024-05-12 09:49:00,2024-05-12 09:15:00,2024-05-12 10:19:00,2024-05-12 09:35:00,2024-05-12 10:49:00,2024-05-12 10:05:00,2024-05-12 11:09:00,2024-05-12 10:25:00,2024-05-12 11:29:00,2024-05-12 10:55:00,2024-05-12 11:59:00,2024-05-12 11:25:00,2024-05-12 12:29:00,2024-05-12 11:55:00,2024-05-12 12:49:00,2024-05-12 12:21:00,2024-05-12 13:09:00,2024-05-12 12:35:00,2024-05-12 13:39:00,2024-05-12 13:05:00,2024-05-12 14:09:00,2024-05-12 13:25:00,2024-05-12 14:39:00,2024-05-12 13:55:00,2024-05-12 15:09:00,2024-05-12 14:25:00,2024-05-12 15:29:00,2024-05-12 14:55:00,2024-05-12 15:49:00,2024-05-12 15:15:00,2024-05-12 16:19:00,2024-05-12 15:45:00,2024-05-12 16:39:00,2024-05-12 16:05:00,2024-05-12 16:59:00,2024-05-12 16:25:00,2024-05-12 17:29:00,2024-05-12 16:55:00,2024-05-12 17:49:00,2024-05-12 17:15:00,2024-05-12 18:09:00,2024-05-12 17:35:00,2024-05-12 18:24:00,2024-05-12 17:50:00,2024-05-12 18:39:00,2024-05-12 18:05:00,2024-05-12 18:59:00,2024-05-12 18:25:00,2024-05-12 19:19:00,2024-05-12 18:45:00,2024-05-12 19:29:00,2024-05-12 19:00:00,2024-05-12 19:49:00,2024-05-12 19:14:00,2024-05-12 20:12:00,2024-05-12 19:43:00,2024-05-12 20:42:00,2024-05-12 20:13:00,2024-05-12 21:42:00,2024-05-12 21:13:00,2024-05-12 22:42:00,2024-05-12 22:13:00,2024-05-12 23:42:00,2024-05-12 23:13:00,2531135.13246,1153844.1333,4782.699558156765
"Echandens, collège",8595213,ABFAHRTSZEIT,2024-05-12 06:24:00,2024-05-12 05:53:00,2024-05-12 06:54:00,2024-05-12 06:23:00,2024-05-12 07:14:00,2024-05-12 06:43:00,2024-05-12 07:03:00,2024-05-12 07:34:00,2024-05-12 07:20:00,2024-05-12 07:49:00,2024-05-12 07:30:00,,2024-05-12 07:40:00,2024-05-12 08:09:00,2024-05-12 07:50:00,2024-05-12 08:19:00,2024-05-12 08:10:00,,,2024-05-12 08:39:00,2024-05-12 08:25:00,2024-05-12 08:59:00,2024-05-12 08:45:00,2024-05-12 09:19:00,,2024-05-12 09:29:00,2024-05-12 09:00:00,2024-05-12 09:49:00,2024-05-12 09:15:00,2024-05-12 10:19:00,2024-05-12 09:35:00,2024-05-12 10:49:00,2024-05-12 10:05:00,2024-05-12 11:09:00,2024-05-12 10:25:00,2024-05-12 11:29:00,2024-05-12 10:55:00,2024-05-12 11:59:00,2024-05-12 11:25:00,2024-05-12 12:29:00,2024-05-12 11:55:00,2024-05-12 12:49:00,2024-05-12 12:21:00,2024-05-12 13:09:00,2024-05-12 12:35:00,2024-05-12 13:39:00,2024-05-12 13:05:00,2024-05-12 14:09:00,2024-05-12 13:25:00,2024-05-12 14:39:00,2024-05-12 13:55:00,2024-05-12 15:09:00,2024-05-12 14:25:00,2024-05-12 15:29:00,2024-05-12 14:55:00,2024-05-12 15:49:00,2024-05-12 15:15:00,2024-05-12 16:19:00,2024-05-12 15:45:00,2024-05-12 16:39:00,2024-05-12 16:05:00,2024-05-12 16:59:00,2024-05-12 16:25:00,2024-05-12 17:29:00,2024-05-12 16:55:00,2024-05-12 17:49:00,2024-05-12 17:15:00,2024-05-12 18:09:00,2024-05-12 17:35:00,2024-05-12 18:24:00,2024-05-12 17:50:00,2024-05-12 18:39:00,2024-05-12 18:05:00,2024-05-12 18:59:00,2024-05-12 18:25:00,2024-05-12 19:19:00,2024-05-12 18:45:00,2024-05-12 19:29:00,2024-05-12 19:00:00,2024-05-12 19:49:00,2024-05-12 19:14:00,2024-05-12 20:12:00,2024-05-12 19:43:00,2024-05-12 20:42:00,2024-05-12 20:13:00,2024-05-12 21:42:00,2024-05-12 21:13:00,2024-05-12 22:42:00,2024-05-12 22:13:00,2024-05-12 23:42:00,2024-05-12 23:13:00,2531135.13246,1153844.1333,4782.699558156765
"Echandens, centre",8588875,ABFAHRTSZEIT,2024-05-12 06:24:00,2024-05-12 05:54:00,2024-05-12 06:54:00,2024-05-12 06:24:00,2024-05-12 07:14:00,2024-05-12 06:44:00,2024-05-12 07:04:00,2024-05-12 07:34:00,2024-05-12 07:21:00,2024-05-12 07:49:00,2024-05-12 07:31:00,,2024-05-12 07:41:00,2024-05-12 08:09:00,2024-05-12 07:51:00,2024-05-12 08:19:00,2024-05-12 08:11:00,,2024-05-12 08:01:00,2024-05-12 08:39:00,2024-05-12 08:26:00,2024-05-12 08:59:00,2024-05-12 08:46:00,2024-05-12 09:19:00,2024-05-12 08:36:00,2024-05-12 09:29:00,2024-05-12 09:01:00,2024-05-12 09:49:00,2024-05-12 09:16:00,2024-05-12 10:19:00,2024-05-12 09:36:00,2024-05-12 10:49:00,2024-05-12 10:06:00,2024-05-12 11:09:00,2024-05-12 10:26:00,2024-05-12 11:29:00,2024-05-12 10:56:00,2024-05-12 11:59:00,2024-05-12 11:26:00,2024-05-12 12:29:00,2024-05-12 11:56:00,2024-05-12 12:49:00,2024-05-12 12:22:00,2024-05-12 13:09:00,2024-05-12 12:36:00,2024-05-12 13:39:00,2024-05-12 13:06:00,2024-05-12 14:09:00,2024-05-12 13:26:00,2024-05-12 14:39:00,2024-05-12 13:56:00,2024-05-12 15:09:00,2024-05-12 14:26:00,2024-05-12 15:29:00,2024-05-12 14:56:00,2024-05-12 15:49:00,2024-05-12 15:16:00,2024-05-12 16:19:00,2024-05-12 15:46:00,2024-05-12 16:39:00,2024-05-12 16:06:00,2024-05-12 16:59:00,2024-05-12 16:26:00,2024-05-12 17:29:00,2024-05-12 16:56:00,2024-05-12 17:49:00,2024-05-12 17:16:00,2024-05-12 18:09:00,2024-05-12 17:36:00,2024-05-12 18:24:00,2024-05-12 17:51:00,2024-05-12 18:39:00,2024-05-12 18:06:00,2024-05-12 18:59:00,2024-05-12 18:26:00,2024-05-12 19:19:00,2024-05-12 18:46:00,2024-05-12 19:29:00,2024-05-12 19:01:00,2024-05-12 19:49:00,2024-05-12 19:15:00,2024-05-12 20:12:00,2024-05-12 19:44:00,2024-05-12 20:42:00,2024-05-12 20:14:00,2024-05-12 21:42:00,2024-05-12 21:14:00,2024-05-12 22:42:00,2024-05-12 22:14:00,2024-05-12 23:42:00,2024-05-12 23:14:00,2531142.0,1154096.0,5034.6598678773435
"Echandens, centre",8588875,ANKUNFTSZEIT,2024-05-12 06:24:00,2024-05-12 05:54:00,2024-05-12 06:54:00,2024-05-12 06:24:00,2024-05-12 07:14:00,2024-05-12 06:44:00,2024-05-12 07:04:00,2024-05-12 07:34:00,2024-05-12 07:21:00,2024-05-12 07:49:00,2024-05-12 07:31:00,2024-05-12 07:59:00,2024-05-12 07:41:00,2024-05-12 08:09:00,2024-05-12 07:51:00,2024-05-12 08:19:00,2024-05-12 08:11:00,2024-05-12 08:29:00,,2024-05-12 08:39:00,2024-05-12 08:26:00,2024-05-12 08:59:00,2024-05-12 08:46:00,2024-05-12 09:19:00,,2024-05-12 09:29:00,2024-05-12 09:01:00,2024-05-12 09:49:00,2024-05-12 09:16:00,2024-05-12 10:19:00,2024-05-12 09:36:00,2024-05-12 10:49:00,2024-05-12 10:06:00,2024-05-12 11:09:00,2024-05-12 10:26:00,2024-05-12 11:29:00,2024-05-12 10:56:00,2024-05-12 11:59:00,2024-05-12 11:26:00,2024-05-12 12:29:00,2024-05-12 11:56:00,2024-05-12 12:49:00,2024-05-12 12:22:00,2024-05-12 13:09:00,2024-05-12 12:36:00,2024-05-12 13:39:00,2024-05-12 13:06:00,2024-05-12 14:09:00,2024-05-12 13:26:00,2024-05-12 14:39:00,2024-05-12 13:56:00,2024-05-12 15:09:00,2024-05-12 14:26:00,2024-05-12 15:29:00,2024-05-12 14:56:00,2024-05-12 15:49:00,2024-05-12 15:16:00,2024-05-12 16:19:00,2024-05-12 15:46:00,2024-05-12 16:39:00,2024-05-12 16:06:00,2024-05-12 16:59:00,2024-05-12 16:26:00,2024-05-12 17:29:00,2024-05-12 16:56:00,2024-05-12 17:49:00,2024-05-12 17:16:00,2024-05-12 18:09:00,2024-05-12 17:36:00,2024-05-12 18:24:00,2024-05-12 17:51:00,2024-05-12 18:39:00,2024-05-12 18:06:00,2024-05-12 18:59:00,2024-05-12 18:26:00,2024-05-12 19:19:00,2024-05-12 18:46:00,2024-05-12 19:29:00,2024-05-12 19:01:00,2024-05-12 19:49:00,2024-05-12 19:15:00,2024-05-12 20:12:00,2024-05-12 19:44:00,2024-05-12 20:42:00,2024-05-12 20:14:00,2024-05-12 21:42:00,2024-05-12 21:14:00,2024-05-12 22:42:00,2024-05-12 22:14:00,2024-05-12 23:42:00,2024-05-12 23:14:00,2531142.0,1154096.0,5034.6598678773435
"Echandens, Riaz",8592243,ABFAHRTSZEIT,2024-05-12 06:23:00,2024-05-12 05:54:00,2024-05-12 06:53:00,2024-05-12 06:24:00,2024-05-12 07:13:00,2024-05-12 06:44:00,2024-05-12 07:04:00,2024-05-12 07:33:00,2024-05-12 07:21:00,2024-05-12 07:48:00,2024-05-12 07:31:00,2024-05-12 07:58:00,2024-05-12 07:41:00,2024-05-12 08:08:00,2024-05-12 07:51:00,2024-05-12 08:18:00,2024-05-12 08:11:00,2024-05-12 08:28:00,2024-05-12 08:01:00,2024-05-12 08:38:00,2024-05-12 08:26:00,2024-05-12 08:58:00,2024-05-12 08:46:00,2024-05-12 09:18:00,2024-05-12 08:36:00,2024-05-12 09:28:00,2024-05-12 09:01:00,2024-05-12 09:48:00,2024-05-12 09:16:00,2024-05-12 10:18:00,2024-05-12 09:36:00,2024-05-12 10:48:00,2024-05-12 10:06:00,2024-05-12 11:08:00,2024-05-12 10:26:00,2024-05-12 11:28:00,2024-05-12 10:56:00,2024-05-12 11:58:00,2024-05-12 11:26:00,2024-05-12 12:28:00,2024-05-12 11:56:00,2024-05-12 12:48:00,2024-05-12 12:22:00,2024-05-12 13:08:00,2024-05-12 12:36:00,2024-05-12 13:38:00,2024-05-12 13:06:00,2024-05-12 14:08:00,2024-05-12 13:26:00,2024-05-12 14:38:00,2024-05-12 13:56:00,2024-05-12 15:08:00,2024-05-12 14:26:00,2024-05-12 15:28:00,2024-05-12 14:56:00,2024-05-12 15:48:00,2024-05-12 15:16:00,2024-05-12 16:18:00,2024-05-12 15:46:00,2024-05-12 16:38:00,2024-05-12 16:06:00,2024-05-12 16:58:00,2024-05-12 16:26:00,2024-05-12 17:28:00,2024-05-12 16:56:00,2024-05-12 17:48:00,2024-05-12 17:16:00,2024-05-12 18:08:00,2024-05-12 17:36:00,2024-05-12 18:23:00,2024-05-12 17:51:00,2024-05-12 18:38:00,2024-05-12 18:06:00,2024-05-12 18:58:00,2024-05-12 18:26:00,2024-05-12 19:18:00,2024-05-12 18:46:00,2024-05-12 19:28:00,2024-05-12 19:01:00,2024-05-12 19:48:00,2024-05-12 19:15:00,2024-05-12 20:11:00,2024-05-12 19:44:00,2024-05-12 20:41:00,2024-05-12 20:14:00,2024-05-12 21:41:00,2024-05-12 21:14:00,2024-05-12 22:41:00,2024-05-12 22:14:00,2024-05-12 23:41:00,2024-05-12 23:14:00,2531227.4023,1154311.99642,5266.92696907364
"Echandens, Riaz",8592243,ANKUNFTSZEIT,2024-05-12 06:23:00,2024-05-12 05:54:00,2024-05-12 06:53:00,2024-05-12 06:24:00,2024-05-12 07:13:00,2024-05-12 06:44:00,2024-05-12 07:04:00,2024-05-12 07:33:00,2024-05-12 07:21:00,2024-05-12 07:48:00,2024-05-12 07:31:00,2024-05-12 07:58:00,2024-05-12 07:41:00,2024-05-12 08:08:00,2024-05-12 07:51:00,2024-05-12 08:18:00,2024-05-12 08:11:00,2024-05-12 08:28:00,2024-05-12 08:01:00,2024-05-12 08:38:00,2024-05-12 08:26:00,2024-05-12 08:58:00,2024-05-12 08:46:00,2024-05-12 09:18:00,2024-05-12 08:36:00,2024-05-12 09:28:00,2024-05-12 09:01:00,2024-05-12 09:48:00,2024-05-12 09:16:00,2024-05-12 10:18:00,2024-05-12 09:36:00,2024-05-12 10:48:00,2024-05-12 10:06:00,2024-05-12 11:08:00,2024-05-12 10:26:00,2024-05-12 11:28:00,2024-05-12 10:56:00,2024-05-12 11:58:00,2024-05-12 11:26:00,2024-05-12 12:28:00,2024-05-12 11:56:00,2024-05-12 12:48:00,2024-05-12 12:22:00,2024-05-12 13:08:00,2024-05-12 12:36:00,2024-05-12 13:38:00,2024-05-12 13:06:00,2024-05-12 14:08:00,2024-05-12 13:26:00,2024-05-12 14:38:00,2024-05-12 13:56:00,2024-05-12 15:08:00,2024-05-12 14:26:00,2024-05-12 15:28:00,2024-05-12 14:56:00,2024-05-12 15:48:00,2024-05-12 15:16:00,2024-05-12 16:18:00,2024-05-12 15:46:00,2024-05-12 16:38:00,2024-05-12 16:06:00,2024-05-12 16:58:00,2024-05-12 16:26:00,2024-05-12 17:28:00,2024-05-12 16:56:00,2024-05-12 17:48:00,2024-05-12 17:16:00,2024-05-12 18:08:00,2024-05-12 17:36:00,2024-05-12 18:23:00,2024-05-12 17:51:00,2024-05-12 18:38:00,2024-05-12 18:06:00,2024-05-12 18:58:00,2024-05-12 18:26:00,2024-05-12 19:18:00,2024-05-12 18:46:00,2024-05-12 19:28:00,2024-05-12 19:01:00,2024-05-12 19:48:00,2024-05-12 19:15:00,2024-05-12 20:11:00,2024-05-12 19:44:00,2024-05-12 20:41:00,2024-05-12 20:14:00,2024-05-12 21:41:00,2024-05-12 21:14:00,2024-05-12 22:41:00,2024-05-12 22:14:00,2024-05-12 23:41:00,2024-05-12 23:14:00,2531227.4023,1154311.99642,5266.92696907364
"Echandens, Chocolatière",8592244,ABFAHRTSZEIT,2024-05-12 06:22:00,2024-05-12 05:55:00,2024-05-12 06:52:00,2024-05-12 06:25:00,2024-05-12 07:12:00,2024-05-12 06:45:00,2024-05-12 07:05:00,2024-05-12 07:32:00,2024-05-12 07:22:00,2024-05-12 07:47:00,2024-05-12 07:32:00,2024-05-12 07:57:00,2024-05-12 07:42:00,2024-05-12 08:07:00,2024-05-12 07:52:00,2024-05-12 08:17:00,2024-05-12 08:12:00,2024-05-12 08:27:00,2024-05-12 08:02:00,2024-05-12 08:37:00,2024-05-12 08:27:00,2024-05-12 08:57:00,2024-05-12 08:47:00,2024-05-12 09:17:00,2024-05-12 08:37:00,2024-05-12 09:27:00,2024-05-12 09:02:00,2024-05-12 09:47:00,2024-05-12 09:17:00,2024-05-12 10:17:00,2024-05-12 09:37:00,2024-05-12 10:47:00,2024-05-12 10:07:00,2024-05-12 11:07:00,2024-05-12 10:27:00,2024-05-12 11:27:00,2024-05-12 10:57:00,2024-05-12 11:57:00,2024-05-12 11:27:00,2024-05-12 12:27:00,2024-05-12 11:57:00,2024-05-12 12:47:00,2024-05-12 12:23:00,2024-05-12 13:07:00,2024-05-12 12:37:00,2024-05-12 13:37:00,2024-05-12 13:07:00,2024-05-12 14:07:00,2024-05-12 13:27:00,2024-05-12 14:37:00,2024-05-12 13:57:00,2024-05-12 15:07:00,2024-05-12 14:27:00,2024-05-12 15:27:00,2024-05-12 14:57:00,2024-05-12 15:47:00,2024-05-12 15:17:00,2024-05-12 16:17:00,2024-05-12 15:47:00,2024-05-12 16:37:00,2024-05-12 16:07:00,2024-05-12 16:57:00,2024-05-12 16:27:00,2024-05-12 17:27:00,2024-05-12 16:57:00,2024-05-12 17:47:00,2024-05-12 17:17:00,2024-05-12 18:07:00,2024-05-12 17:37:00,2024-05-12 18:22:00,2024-05-12 17:52:00,2024-05-12 18:37:00,2024-05-12 18:07:00,2024-05-12 18:57:00,2024-05-12 18:27:00,2024-05-12 19:17:00,2024-05-12 18:47:00,2024-05-12 19:27:00,2024-05-12 19:02:00,2024-05-12 19:47:00,2024-05-12 19:16:00,2024-05-12 20:10:00,2024-05-12 19:45:00,2024-05-12 20:40:00,2024-05-12 20:15:00,2024-05-12 21:40:00,2024-05-12 21:15:00,2024-05-12 22:40:00,2024-05-12 22:15:00,2024-05-12 23:40:00,2024-05-12 23:15:00,2531587.78513,1154297.10699,5627.617250734437
"Echandens, Chocolatière",8592244,ANKUNFTSZEIT,2024-05-12 06:22:00,2024-05-12 05:55:00,2024-05-12 06:52:00,2024-05-12 06:25:00,2024-05-12 07:12:00,2024-05-12 06:45:00,2024-05-12 07:05:00,2024-05-12 07:32:00,2024-05-12 07:22:00,2024-05-12 07:47:00,2024-05-12 07:32:00,2024-05-12 07:57:00,2024-05-12 07:42:00,2024-05-12 08:07:00,2024-05-12 07:52:00,2024-05-12 08:17:00,2024-05-12 08:12:00,2024-05-12 08:27:00,2024-05-12 08:02:00,2024-05-12 08:37:00,2024-05-12 08:27:00,2024-05-12 08:57:00,2024-05-12 08:47:00,2024-05-12 09:17:00,2024-05-12 08:37:00,2024-05-12 09:27:00,2024-05-12 09:02:00,2024-05-12 09:47:00,2024-05-12 09:17:00,2024-05-12 10:17:00,2024-05-12 09:37:00,2024-05-12 10:47:00,2024-05-12 10:07:00,2024-05-12 11:07:00,2024-05-12 10:27:00,2024-05-12 11:27:00,2024-05-12 10:57:00,2024-05-12 11:57:00,2024-05-12 11:27:00,2024-05-12 12:27:00,2024-05-12 11:57:00,2024-05-12 12:47:00,2024-05-12 12:23:00,2024-05-12 13:07:00,2024-05-12 12:37:00,2024-05-12 13:37:00,2024-05-12 13:07:00,2024-05-12 14:07:00,2024-05-12 13:27:00,2024-05-12 14:37:00,2024-05-12 13:57:00,2024-05-12 15:07:00,2024-05-12 14:27:00,2024-05-12 15:27:00,2024-05-12 14:57:00,2024-05-12 15:47:00,2024-05-12 15:17:00,2024-05-12 16:17:00,2024-05-12 15:47:00,2024-05-12 16:37:00,2024-05-12 16:07:00,2024-05-12 16:57:00,2024-05-12 16:27:00,2024-05-12 17:27:00,2024-05-12 16:57:00,2024-05-12 17:47:00,2024-05-12 17:17:00,2024-05-12 18:07:00,2024-05-12 17:37:00,2024-05-12 18:22:00,2024-05-12 17:52:00,2024-05-12 18:37:00,2024-05-12 18:07:00,2024-05-12 18:57:00,2024-05-12 18:27:00,2024-05-12 19:17:00,2024-05-12 18:47:00,2024-05-12 19:27:00,2024-05-12 19:02:00,2024-05-12 19:47:00,2024-05-12 19:16:00,2024-05-12 20:10:00,2024-05-12 19:45:00,2024-05-12 20:40:00,2024-05-12 20:15:00,2024-05-12 21:40:00,2024-05-12 21:15:00,2024-05-12 22:40:00,2024-05-12 22:15:00,2024-05-12 23:40:00,2024-05-12 23:15:00,2531587.78513,1154297.10699,5627.617250734437
"Ecublens VD, Larges Pièces",8592248,ANKUNFTSZEIT,2024-05-12 06:19:00,2024-05-12 05:58:00,2024-05-12 06:49:00,2024-05-12 06:28:00,2024-05-12 07:09:00,2024-05-12 06:48:00,2024-05-12 07:08:00,2024-05-12 07:29:00,2024-05-12 07:25:00,2024-05-12 07:44:00,2024-05-12 07:35:00,2024-05-12 07:54:00,2024-05-12 07:45:00,2024-05-12 08:04:00,2024-05-12 07:55:00,2024-05-12 08:14:00,2024-05-12 08:15:00,2024-05-12 08:24:00,2024-05-12 08:05:00,2024-05-12 08:34:00,2024-05-12 08:30:00,2024-05-12 08:54:00,2024-05-12 08:50:00,2024-05-12 09:14:00,2024-05-12 08:40:00,2024-05-12 09:24:00,2024-05-12 09:05:00,2024-05-12 09:44:00,2024-05-12 09:20:00,2024-05-12 10:14:00,2024-05-12 09:40:00,2024-05-12 10:44:00,2024-05-12 10:10:00,2024-05-12 11:04:00,2024-05-12 10:30:00,2024-05-12 11:24:00,2024-05-12 11:00:00,2024-05-12 11:54:00,2024-05-12 11:30:00,2024-05-12 12:24:00,2024-05-12 12:00:00,2024-05-12 12:44:00,2024-05-12 12:26:00,2024-05-12 13:04:00,2024-05-12 12:40:00,2024-05-12 13:34:00,2024-05-12 13:10:00,2024-05-12 14:04:00,2024-05-12 13:30:00,2024-05-12 14:34:00,2024-05-12 14:00:00,2024-05-12 15:04:00,2024-05-12 14:30:00,2024-05-12 15:24:00,2024-05-12 15:00:00,2024-05-12 15:44:00,2024-05-12 15:20:00,2024-05-12 16:14:00,2024-05-12 15:50:00,2024-05-12 16:34:00,2024-05-12 16:10:00,2024-05-12 16:54:00,2024-05-12 16:30:00,2024-05-12 17:24:00,2024-05-12 17:00:00,2024-05-12 17:44:00,2024-05-12 17:20:00,2024-05-12 18:04:00,2024-05-12 17:40:00,2024-05-12 18:19:00,2024-05-12 17:55:00,2024-05-12 18:34:00,2024-05-12 18:10:00,2024-05-12 18:54:00,2024-05-12 18:30:00,2024-05-12 19:14:00,2024-05-12 18:50:00,2024-05-12 19:24:00,2024-05-12 19:05:00,2024-05-12 19:44:00,2024-05-12 19:19:00,2024-05-12 20:07:00,2024-05-12 19:48:00,2024-05-12 20:37:00,2024-05-12 20:18:00,2024-05-12 21:37:00,2024-05-12 21:18:00,2024-05-12 22:37:00,2024-05-12 22:18:00,2024-05-12 23:37:00,2024-05-12 23:18:00,2532232.11857,1153795.57806,6444.132314605799
"Ecublens VD, Larges Pièces",8592248,ABFAHRTSZEIT,2024-05-12 06:19:00,2024-05-12 05:58:00,2024-05-12 06:49:00,2024-05-12 06:28:00,2024-05-12 07:09:00,2024-05-12 06:48:00,2024-05-12 07:08:00,2024-05-12 07:29:00,2024-05-12 07:25:00,2024-05-12 07:44:00,2024-05-12 07:35:00,2024-05-12 07:54:00,2024-05-12 07:45:00,2024-05-12 08:04:00,2024-05-12 07:55:00,2024-05-12 08:14:00,2024-05-12 08:15:00,2024-05-12 08:24:00,2024-05-12 08:05:00,2024-05-12 08:34:00,2024-05-12 08:30:00,2024-05-12 08:54:00,2024-05-12 08:50:00,2024-05-12 09:14:00,2024-05-12 08:40:00,2024-05-12 09:24:00,2024-05-12 09:05:00,2024-05-12 09:44:00,2024-05-12 09:20:00,2024-05-12 10:14:00,2024-05-12 09:40:00,2024-05-12 10:44:00,2024-05-12 10:10:00,2024-05-12 11:04:00,2024-05-12 10:30:00,2024-05-12 11:24:00,2024-05-12 11:00:00,2024-05-12 11:54:00,2024-05-12 11:30:00,2024-05-12 12:24:00,2024-05-12 12:00:00,2024-05-12 12:44:00,2024-05-12 12:26:00,2024-05-12 13:04:00,2024-05-12 12:40:00,2024-05-12 13:34:00,2024-05-12 13:10:00,2024-05-12 14:04:00,2024-05-12 13:30:00,2024-05-12 14:34:00,2024-05-12 14:00:00,2024-05-12 15:04:00,2024-05-12 14:30:00,2024-05-12 15:24:00,2024-05-12 15:00:00,2024-05-12 15:44:00,2024-05-12 15:20:00,2024-05-12 16:14:00,2024-05-12 15:50:00,2024-05-12 16:34:00,2024-05-12 16:10:00,2024-05-12 16:54:00,2024-05-12 16:30:00,2024-05-12 17:24:00,2024-05-12 17:00:00,2024-05-12 17:44:00,2024-05-12 17:20:00,2024-05-12 18:04:00,2024-05-12 17:40:00,2024-05-12 18:19:00,2024-05-12 17:55:00,2024-05-12 18:34:00,2024-05-12 18:10:00,2024-05-12 18:54:00,2024-05-12 18:30:00,2024-05-12 19:14:00,2024-05-12 18:50:00,2024-05-12 19:24:00,2024-05-12 19:05:00,2024-05-12 19:44:00,2024-05-12 19:19:00,2024-05-12 20:07:00,2024-05-12 19:48:00,2024-05-12 20:37:00,2024-05-12 20:18:00,2024-05-12 21:37:00,2024-05-12 21:18:00,2024-05-12 22:37:00,2024-05-12 22:18:00,2024-05-12 23:37:00,2024-05-12 23:18:00,2532232.11857,1153795.57806,6444.132314605799
"Ecublens VD, Villars",8591961,ABFAHRTSZEIT,2024-05-12 06:17:00,2024-05-12 06:00:00,2024-05-12 06:47:00,2024-05-12 06:30:00,2024-05-12 07:07:00,2024-05-12 06:50:00,2024-05-12 07:10:00,2024-05-12 07:27:00,2024-05-12 07:27:00,2024-05-12 07:42:00,2024-05-12 07:37:00,2024-05-12 07:52:00,2024-05-12 07:47:00,2024-05-12 08:02:00,2024-05-12 07:57:00,2024-05-12 08:12:00,2024-05-12 08:17:00,2024-05-12 08:22:00,2024-05-12 08:07:00,2024-05-12 08:32:00,2024-05-12 08:32:00,2024-05-12 08:52:00,2024-05-12 08:52:00,2024-05-12 09:12:00,2024-05-12 08:42:00,2024-05-12 09:22:00,2024-05-12 09:07:00,2024-05-12 09:42:00,2024-05-12 09:22:00,2024-05-12 10:12:00,2024-05-12 09:42:00,2024-05-12 10:42:00,2024-05-12 10:12:00,2024-05-12 11:02:00,2024-05-12 10:32:00,2024-05-12 11:22:00,2024-05-12 11:02:00,2024-05-12 11:52:00,2024-05-12 11:32:00,2024-05-12 12:22:00,2024-05-12 12:02:00,2024-05-12 12:42:00,2024-05-12 12:28:00,2024-05-12 13:02:00,2024-05-12 12:42:00,2024-05-12 13:32:00,2024-05-12 13:12:00,2024-05-12 14:02:00,2024-05-12 13:32:00,2024-05-12 14:32:00,2024-05-12 14:02:00,2024-05-12 15:02:00,2024-05-12 14:32:00,2024-05-12 15:22:00,2024-05-12 15:02:00,2024-05-12 15:42:00,2024-05-12 15:22:00,2024-05-12 16:12:00,2024-05-12 15:52:00,2024-05-12 16:32:00,2024-05-12 16:12:00,2024-05-12 16:52:00,2024-05-12 16:32:00,2024-05-12 17:22:00,2024-05-12 17:02:00,2024-05-12 17:42:00,2024-05-12 17:22:00,2024-05-12 18:02:00,2024-05-12 17:42:00,2024-05-12 18:17:00,2024-05-12 17:57:00,2024-05-12 18:32:00,2024-05-12 18:12:00,2024-05-12 18:52:00,2024-05-12 18:32:00,2024-05-12 19:12:00,2024-05-12 18:52:00,2024-05-12 19:22:00,2024-05-12 19:07:00,2024-05-12 19:42:00,2024-05-12 19:21:00,2024-05-12 20:05:00,2024-05-12 19:50:00,2024-05-12 20:35:00,2024-05-12 20:20:00,2024-05-12 21:35:00,2024-05-12 21:20:00,2024-05-12 22:35:00,2024-05-12 22:20:00,2024-05-12 23:35:00,2024-05-12 23:20:00,2532675.0,1153514.0,6968.946724575887
"Ecublens VD, Villars",8591961,ANKUNFTSZEIT,2024-05-12 06:17:00,2024-05-12 06:00:00,2024-05-12 06:47:00,2024-05-12 06:30:00,2024-05-12 07:07:00,2024-05-12 06:50:00,2024-05-12 07:10:00,2024-05-12 07:27:00,2024-05-12 07:27:00,2024-05-12 07:42:00,2024-05-12 07:37:00,2024-05-12 07:52:00,2024-05-12 07:47:00,2024-05-12 08:02:00,2024-05-12 07:57:00,2024-05-12 08:12:00,2024-05-12 08:17:00,2024-05-12 08:22:00,2024-05-12 08:07:00,2024-05-12 08:32:00,2024-05-12 08:32:00,2024-05-12 08:52:00,2024-05-12 08:52:00,2024-05-12 09:12:00,2024-05-12 08:42:00,2024-05-12 09:22:00,2024-05-12 09:07:00,2024-05-12 09:42:00,2024-05-12 09:22:00,2024-05-12 10:12:00,2024-05-12 09:42:00,2024-05-12 10:42:00,2024-05-12 10:12:00,2024-05-12 11:02:00,2024-05-12 10:32:00,2024-05-12 11:22:00,2024-05-12 11:02:00,2024-05-12 11:52:00,2024-05-12 11:32:00,2024-05-12 12:22:00,2024-05-12 12:02:00,2024-05-12 12:42:00,2024-05-12 12:28:00,2024-05-12 13:02:00,2024-05-12 12:42:00,2024-05-12 13:32:00,2024-05-12 13:12:00,2024-05-12 14:02:00,2024-05-12 13:32:00,2024-05-12 14:32:00,2024-05-12 14:02:00,2024-05-12 15:02:00,2024-05-12 14:32:00,2024-05-12 15:22:00,2024-05-12 15:02:00,2024-05-12 15:42:00,2024-05-12 15:22:00,2024-05-12 16:12:00,2024-05-12 15:52:00,2024-05-12 16:32:00,2024-05-12 16:12:00,2024-05-12 16:52:00,2024-05-12 16:32:00,2024-05-12 17:22:00,2024-05-12 17:02:00,2024-05-12 17:42:00,2024-05-12 17:22:00,2024-05-12 18:02:00,2024-05-12 17:42:00,2024-05-12 18:17:00,2024-05-12 17:57:00,2024-05-12 18:32:00,2024-05-12 18:12:00,2024-05-12 18:52:00,2024-05-12 18:32:00,2024-05-12 19:12:00,2024-05-12 18:52:00,2024-05-12 19:22:00,2024-05-12 19:07:00,2024-05-12 19:42:00,2024-05-12 19:21:00,2024-05-12 20:05:00,2024-05-12 19:50:00,2024-05-12 20:35:00,2024-05-12 20:20:00,2024-05-12 21:35:00,2024-05-12 21:20:00,2024-05-12 22:35:00,2024-05-12 22:20:00,2024-05-12 23:35:00,2024-05-12 23:20:00,2532675.0,1153514.0,6968.946724575887
"Ecublens VD, Cocarde",8591946,ABFAHRTSZEIT,,2024-05-12 06:00:00,,2024-05-12 06:30:00,,2024-05-12 06:50:00,2024-05-12 07:10:00,,2024-05-12 07:27:00,,2024-05-12 07:37:00,,2024-05-12 07:47:00,,2024-05-12 07:57:00,,2024-05-12 08:17:00,,2024-05-12 08:07:00,,2024-05-12 08:32:00,,2024-05-12 08:52:00,,2024-05-12 08:42:00,,2024-05-12 09:07:00,,2024-05-12 09:22:00,,2024-05-12 09:42:00,,2024-05-12 10:12:00,,2024-05-12 10:32:00,,2024-05-12 11:02:00,,2024-05-12 11:32:00,,2024-05-12 12:02:00,,2024-05-12 12:28:00,,2024-05-12 12:42:00,,2024-05-12 13:12:00,,2024-05-12 13:32:00,,2024-05-12 14:02:00,,2024-05-12 14:32:00,,2024-05-12 15:02:00,,2024-05-12 15:22:00,,2024-05-12 15:52:00,,2024-05-12 16:12:00,,2024-05-12 16:32:00,,2024-05-12 17:02:00,,2024-05-12 17:22:00,,2024-05-12 17:42:00,,2024-05-12 17:57:00,,2024-05-12 18:12:00,,2024-05-12 18:32:00,,2024-05-12 18:52:00,,2024-05-12 19:07:00,,2024-05-12 19:21:00,,2024-05-12 19:50:00,,2024-05-12 20:20:00,,2024-05-12 21:20:00,,2024-05-12 22:20:00,,2024-05-12 23:20:00,2532620.0,1153341.0,7150.479090836012
"Ecublens VD, Cocarde",8591946,ANKUNFTSZEIT,,2024-05-12 06:00:00,,2024-05-12 06:30:00,,2024-05-12 06:50:00,2024-05-12 07:10:00,,2024-05-12 07:27:00,,2024-05-12 07:37:00,,2024-05-12 07:47:00,,2024-05-12 07:57:00,,2024-05-12 08:17:00,,2024-05-12 08:07:00,,2024-05-12 08:32:00,,2024-05-12 08:52:00,,2024-05-12 08:42:00,,2024-05-12 09:07:00,,2024-05-12 09:22:00,,2024-05-12 09:42:00,,2024-05-12 10:12:00,,2024-05-12 10:32:00,,2024-05-12 11:02:00,,2024-05-12 11:32:00,,2024-05-12 12:02:00,,2024-05-12 12:28:00,,2024-05-12 12:42:00,,2024-05-12 13:12:00,,2024-05-12 13:32:00,,2024-05-12 14:02:00,,2024-05-12 14:32:00,,2024-05-12 15:02:00,,2024-05-12 15:22:00,,2024-05-12 15:52:00,,2024-05-12 16:12:00,,2024-05-12 16:32:00,,2024-05-12 17:02:00,,2024-05-12 17:22:00,,2024-05-12 17:42:00,,2024-05-12 17:57:00,,2024-05-12 18:12:00,,2024-05-12 18:32:00,,2024-05-12 18:52:00,,2024-05-12 19:07:00,,2024-05-12 19:21:00,,2024-05-12 19:50:00,,2024-05-12 20:20:00,,2024-05-12 21:20:00,,2024-05-12 22:20:00,,2024-05-12 23:20:00,2532620.0,1153341.0,7150.479090836012
"Ecublens VD, Perrettes",8591954,ANKUNFTSZEIT,2024-05-12 06:16:00,,2024-05-12 06:46:00,,2024-05-12 07:06:00,,,2024-05-12 07:26:00,,2024-05-12 07:41:00,,2024-05-12 07:51:00,,2024-05-12 08:01:00,,2024-05-12 08:11:00,,2024-05-12 08:21:00,,2024-05-12 08:31:00,,2024-05-12 08:51:00,,2024-05-12 09:11:00,,2024-05-12 09:21:00,,2024-05-12 09:41:00,,2024-05-12 10:11:00,,2024-05-12 10:41:00,,2024-05-12 11:01:00,,2024-05-12 11:21:00,,2024-05-12 11:51:00,,2024-05-12 12:21:00,,2024-05-12 12:41:00,,2024-05-12 13:01:00,,2024-05-12 13:31:00,,2024-05-12 14:01:00,,2024-05-12 14:31:00,,2024-05-12 15:01:00,,2024-05-12 15:21:00,,2024-05-12 15:41:00,,2024-05-12 16:11:00,,2024-05-12 16:31:00,,2024-05-12 16:51:00,,2024-05-12 17:21:00,,2024-05-12 17:41:00,,2024-05-12 18:01:00,,2024-05-12 18:16:00,,2024-05-12 18:31:00,,2024-05-12 18:51:00,,2024-05-12 19:11:00,,2024-05-12 19:21:00,,2024-05-12 19:41:00,,2024-05-12 20:04:00,,2024-05-12 20:34:00,,2024-05-12 21:34:00,,2024-05-12 22:34:00,,2024-05-12 23:34:00,,2532466.0,1153147.0,7297.975168348298
"Ecublens VD, Perrettes",8591954,ABFAHRTSZEIT,2024-05-12 06:16:00,,2024-05-12 06:46:00,,2024-05-12 07:06:00,,,2024-05-12 07:26:00,,2024-05-12 07:41:00,,2024-05-12 07:51:00,,2024-05-12 08:01:00,,2024-05-12 08:11:00,,2024-05-12 08:21:00,,2024-05-12 08:31:00,,2024-05-12 08:51:00,,2024-05-12 09:11:00,,2024-05-12 09:21:00,,2024-05-12 09:41:00,,2024-05-12 10:11:00,,2024-05-12 10:41:00,,2024-05-12 11:01:00,,2024-05-12 11:21:00,,2024-05-12 11:51:00,,2024-05-12 12:21:00,,2024-05-12 12:41:00,,2024-05-12 13:01:00,,2024-05-12 13:31:00,,2024-05-12 14:01:00,,2024-05-12 14:31:00,,2024-05-12 15:01:00,,2024-05-12 15:21:00,,2024-05-12 15:41:00,,2024-05-12 16:11:00,,2024-05-12 16:31:00,,2024-05-12 16:51:00,,2024-05-12 17:21:00,,2024-05-12 17:41:00,,2024-05-12 18:01:00,,2024-05-12 18:16:00,,2024-05-12 18:31:00,,2024-05-12 18:51:00,,2024-05-12 19:11:00,,2024-05-12 19:21:00,,2024-05-12 19:41:00,,2024-05-12 20:04:00,,2024-05-12 20:34:00,,2024-05-12 21:34:00,,2024-05-12 22:34:00,,2024-05-12 23:34:00,,2532466.0,1153147.0,7297.975168348298
"Ecublens VD, Motty",8591951,ABFAHRTSZEIT,,2024-05-12 06:01:00,,2024-05-12 06:31:00,,2024-05-12 06:51:00,2024-05-12 07:11:00,,2024-05-12 07:28:00,,2024-05-12 07:38:00,,2024-05-12 07:48:00,,2024-05-12 07:58:00,,2024-05-12 08:18:00,,2024-05-12 08:08:00,,2024-05-12 08:33:00,,2024-05-12 08:53:00,,2024-05-12 08:43:00,,2024-05-12 09:08:00,,2024-05-12 09:23:00,,2024-05-12 09:43:00,,2024-05-12 10:13:00,,2024-05-12 10:33:00,,2024-05-12 11:03:00,,2024-05-12 11:33:00,,2024-05-12 12:03:00,,2024-05-12 12:29:00,,2024-05-12 12:43:00,,2024-05-12 13:13:00,,2024-05-12 13:33:00,,2024-05-12 14:03:00,,2024-05-12 14:33:00,,2024-05-12 15:03:00,,2024-05-12 15:23:00,,2024-05-12 15:53:00,,2024-05-12 16:13:00,,2024-05-12 16:33:00,,2024-05-12 17:03:00,,2024-05-12 17:23:00,,2024-05-12 17:43:00,,2024-05-12 17:58:00,,2024-05-12 18:13:00,,2024-05-12 18:33:00,,2024-05-12 18:53:00,,2024-05-12 19:08:00,,2024-05-12 19:22:00,,2024-05-12 19:51:00,,2024-05-12 20:21:00,,2024-05-12 21:21:00,,2024-05-12 22:21:00,,2024-05-12 23:21:00,2532705.0,1153108.0,7398.49925130689
"Ecublens VD, Motty",8591951,ANKUNFTSZEIT,,2024-05-12 06:01:00,,2024-05-12 06:31:00,,2024-05-12 06:51:00,2024-05-12 07:11:00,,2024-05-12 07:28:00,,2024-05-12 07:38:00,,2024-05-12 07:48:00,,2024-05-12 07:58:00,,2024-05-12 08:18:00,,2024-05-12 08:08:00,,2024-05-12 08:33:00,,2024-05-12 08:53:00,,2024-05-12 08:43:00,,2024-05-12 09:08:00,,2024-05-12 09:23:00,,2024-05-12 09:43:00,,2024-05-12 10:13:00,,2024-05-12 10:33:00,,2024-05-12 11:03:00,,2024-05-12 11:33:00,,2024-05-12 12:03:00,,2024-05-12 12:29:00,,2024-05-12 12:43:00,,2024-05-12 13:13:00,,2024-05-12 13:33:00,,2024-05-12 14:03:00,,2024-05-12 14:33:00,,2024-05-12 15:03:00,,2024-05-12 15:23:00,,2024-05-12 15:53:00,,2024-05-12 16:13:00,,2024-05-12 16:33:00,,2024-05-12 17:03:00,,2024-05-12 17:23:00,,2024-05-12 17:43:00,,2024-05-12 17:58:00,,2024-05-12 18:13:00,,2024-05-12 18:33:00,,2024-05-12 18:53:00,,2024-05-12 19:08:00,,2024-05-12 19:22:00,,2024-05-12 19:51:00,,2024-05-12 20:21:00,,2024-05-12 21:21:00,,2024-05-12 22:21:00,,2024-05-12 23:21:00,2532705.0,1153108.0,7398.49925130689
"Ecublens VD, En Enjalin",8591949,ABFAHRTSZEIT,2024-05-12 06:16:00,,2024-05-12 06:46:00,,2024-05-12 07:06:00,,,2024-05-12 07:26:00,,2024-05-12 07:41:00,,2024-05-12 07:51:00,,2024-05-12 08:01:00,,2024-05-12 08:11:00,,2024-05-12 08:21:00,,2024-05-12 08:31:00,,2024-05-12 08:51:00,,2024-05-12 09:11:00,,2024-05-12 09:21:00,,2024-05-12 09:41:00,,2024-05-12 10:11:00,,2024-05-12 10:41:00,,2024-05-12 11:01:00,,2024-05-12 11:21:00,,2024-05-12 11:51:00,,2024-05-12 12:21:00,,2024-05-12 12:41:00,,2024-05-12 13:01:00,,2024-05-12 13:31:00,,2024-05-12 14:01:00,,2024-05-12 14:31:00,,2024-05-12 15:01:00,,2024-05-12 15:21:00,,2024-05-12 15:41:00,,2024-05-12 16:11:00,,2024-05-12 16:31:00,,2024-05-12 16:51:00,,2024-05-12 17:21:00,,2024-05-12 17:41:00,,2024-05-12 18:01:00,,2024-05-12 18:16:00,,2024-05-12 18:31:00,,2024-05-12 18:51:00,,2024-05-12 19:11:00,,2024-05-12 19:21:00,,2024-05-12 19:41:00,,2024-05-12 20:04:00,,2024-05-12 20:34:00,,2024-05-12 21:34:00,,2024-05-12 22:34:00,,2024-05-12 23:34:00,,2532358.0,1152927.0,7488.907581996596
"Ecublens VD, En Enjalin",8591949,ANKUNFTSZEIT,2024-05-12 06:16:00,,2024-05-12 06:46:00,,2024-05-12 07:06:00,,,2024-05-12 07:26:00,,2024-05-12 07:41:00,,2024-05-12 07:51:00,,2024-05-12 08:01:00,,2024-05-12 08:11:00,,2024-05-12 08:21:00,,2024-05-12 08:31:00,,2024-05-12 08:51:00,,2024-05-12 09:11:00,,2024-05-12 09:21:00,,2024-05-12 09:41:00,,2024-05-12 10:11:00,,2024-05-12 10:41:00,,2024-05-12 11:01:00,,2024-05-12 11:21:00,,2024-05-12 11:51:00,,2024-05-12 12:21:00,,2024-05-12 12:41:00,,2024-05-12 13:01:00,,2024-05-12 13:31:00,,2024-05-12 14:01:00,,2024-05-12 14:31:00,,2024-05-12 15:01:00,,2024-05-12 15:21:00,,2024-05-12 15:41:00,,2024-05-12 16:11:00,,2024-05-12 16:31:00,,2024-05-12 16:51:00,,2024-05-12 17:21:00,,2024-05-12 17:41:00,,2024-05-12 18:01:00,,2024-05-12 18:16:00,,2024-05-12 18:31:00,,2024-05-12 18:51:00,,2024-05-12 19:11:00,,2024-05-12 19:21:00,,2024-05-12 19:41:00,,2024-05-12 20:04:00,,2024-05-12 20:34:00,,2024-05-12 21:34:00,,2024-05-12 22:34:00,,2024-05-12 23:34:00,,2532358.0,1152927.0,7488.907581996596
"Ecublens VD, Coquerellaz",8591947,ABFAHRTSZEIT,,2024-05-12 06:02:00,,2024-05-12 06:32:00,,2024-05-12 06:52:00,2024-05-12 07:12:00,,2024-05-12 07:29:00,,2024-05-12 07:39:00,,2024-05-12 07:49:00,,2024-05-12 07:59:00,,2024-05-12 08:19:00,,2024-05-12 08:09:00,,2024-05-12 08:34:00,,2024-05-12 08:54:00,,2024-05-12 08:44:00,,2024-05-12 09:09:00,,2024-05-12 09:24:00,,2024-05-12 09:44:00,,2024-05-12 10:14:00,,2024-05-12 10:34:00,,2024-05-12 11:04:00,,2024-05-12 11:34:00,,2024-05-12 12:04:00,,2024-05-12 12:30:00,,2024-05-12 12:44:00,,2024-05-12 13:14:00,,2024-05-12 13:34:00,,2024-05-12 14:04:00,,2024-05-12 14:34:00,,2024-05-12 15:04:00,,2024-05-12 15:24:00,,2024-05-12 15:54:00,,2024-05-12 16:14:00,,2024-05-12 16:34:00,,2024-05-12 17:04:00,,2024-05-12 17:24:00,,2024-05-12 17:44:00,,2024-05-12 17:59:00,,2024-05-12 18:14:00,,2024-05-12 18:34:00,,2024-05-12 18:54:00,,2024-05-12 19:09:00,,2024-05-12 19:23:00,,2024-05-12 19:52:00,,2024-05-12 20:22:00,,2024-05-12 21:22:00,,2024-05-12 22:22:00,,2024-05-12 23:22:00,2532646.40257,1152941.46273,7575.044772636823
"Ecublens VD, Coquerellaz",8591947,ANKUNFTSZEIT,,2024-05-12 06:02:00,,2024-05-12 06:32:00,,2024-05-12 06:52:00,2024-05-12 07:12:00,,2024-05-12 07:29:00,,2024-05-12 07:39:00,,2024-05-12 07:49:00,,2024-05-12 07:59:00,,2024-05-12 08:19:00,,2024-05-12 08:09:00,,2024-05-12 08:34:00,,2024-05-12 08:54:00,,2024-05-12 08:44:00,,2024-05-12 09:09:00,,2024-05-12 09:24:00,,2024-05-12 09:44:00,,2024-05-12 10:14:00,,2024-05-12 10:34:00,,2024-05-12 11:04:00,,2024-05-12 11:34:00,,2024-05-12 12:04:00,,2024-05-12 12:30:00,,2024-05-12 12:44:00,,2024-05-12 13:14:00,,2024-05-12 13:34:00,,2024-05-12 14:04:00,,2024-05-12 14:34:00,,2024-05-12 15:04:00,,2024-05-12 15:24:00,,2024-05-12 15:54:00,,2024-05-12 16:14:00,,2024-05-12 16:34:00,,2024-05-12 17:04:00,,2024-05-12 17:24:00,,2024-05-12 17:44:00,,2024-05-12 17:59:00,,2024-05-12 18:14:00,,2024-05-12 18:34:00,,2024-05-12 18:54:00,,2024-05-12 19:09:00,,2024-05-12 19:23:00,,2024-05-12 19:52:00,,2024-05-12 20:22:00,,2024-05-12 21:22:00,,2024-05-12 22:22:00,,2024-05-12 23:22:00,2532646.40257,1152941.46273,7575.044772636823
"Ecublens VD, Ormet",8591952,ABFAHRTSZEIT,2024-05-12 06:15:00,,2024-05-12 06:45:00,,2024-05-12 07:05:00,,,2024-05-12 07:25:00,,2024-05-12 07:40:00,,2024-05-12 07:50:00,,2024-05-12 08:00:00,,2024-05-12 08:10:00,,2024-05-12 08:20:00,,2024-05-12 08:30:00,,2024-05-12 08:50:00,,2024-05-12 09:10:00,,2024-05-12 09:20:00,,2024-05-12 09:40:00,,2024-05-12 10:10:00,,2024-05-12 10:40:00,,2024-05-12 11:00:00,,2024-05-12 11:20:00,,2024-05-12 11:50:00,,2024-05-12 12:20:00,,2024-05-12 12:40:00,,2024-05-12 13:00:00,,2024-05-12 13:30:00,,2024-05-12 14:00:00,,2024-05-12 14:30:00,,2024-05-12 15:00:00,,2024-05-12 15:20:00,,2024-05-12 15:40:00,,2024-05-12 16:10:00,,2024-05-12 16:30:00,,2024-05-12 16:50:00,,2024-05-12 17:20:00,,2024-05-12 17:40:00,,2024-05-12 18:00:00,,2024-05-12 18:15:00,,2024-05-12 18:30:00,,2024-05-12 18:50:00,,2024-05-12 19:10:00,,2024-05-12 19:20:00,,2024-05-12 19:40:00,,2024-05-12 20:03:00,,2024-05-12 20:33:00,,2024-05-12 21:33:00,,2024-05-12 22:33:00,,2024-05-12 23:33:00,,2532495.0,1152858.0,7608.411873315848
"Ecublens VD, Ormet",8591952,ANKUNFTSZEIT,2024-05-12 06:15:00,,2024-05-12 06:45:00,,2024-05-12 07:05:00,,,2024-05-12 07:25:00,,2024-05-12 07:40:00,,2024-05-12 07:50:00,,2024-05-12 08:00:00,,2024-05-12 08:10:00,,2024-05-12 08:20:00,,2024-05-12 08:30:00,,2024-05-12 08:50:00,,2024-05-12 09:10:00,,2024-05-12 09:20:00,,2024-05-12 09:40:00,,2024-05-12 10:10:00,,2024-05-12 10:40:00,,2024-05-12 11:00:00,,2024-05-12 11:20:00,,2024-05-12 11:50:00,,2024-05-12 12:20:00,,2024-05-12 12:40:00,,2024-05-12 13:00:00,,2024-05-12 13:30:00,,2024-05-12 14:00:00,,2024-05-12 14:30:00,,2024-05-12 15:00:00,,2024-05-12 15:20:00,,2024-05-12 15:40:00,,2024-05-12 16:10:00,,2024-05-12 16:30:00,,2024-05-12 16:50:00,,2024-05-12 17:20:00,,2024-05-12 17:40:00,,2024-05-12 18:00:00,,2024-05-12 18:15:00,,2024-05-12 18:30:00,,2024-05-12 18:50:00,,2024-05-12 19:10:00,,2024-05-12 19:20:00,,2024-05-12 19:40:00,,2024-05-12 20:03:00,,2024-05-12 20:33:00,,2024-05-12 21:33:00,,2024-05-12 22:33:00,,2024-05-12 23:33:00,,2532495.0,1152858.0,7608.411873315848
"Ecublens VD, EPFL (bus)",8579233,ABFAHRTSZEIT,2024-05-12 06:12:00,2024-05-12 06:04:00,2024-05-12 06:42:00,2024-05-12 06:34:00,2024-05-12 07:02:00,2024-05-12 06:54:00,2024-05-12 07:14:00,2024-05-12 07:22:00,2024-05-12 07:31:00,2024-05-12 07:37:00,2024-05-12 07:41:00,2024-05-12 07:47:00,2024-05-12 07:51:00,2024-05-12 07:57:00,2024-05-12 08:01:00,2024-05-12 08:07:00,2024-05-12 08:21:00,2024-05-12 08:17:00,2024-05-12 08:11:00,2024-05-12 08:27:00,2024-05-12 08:36:00,2024-05-12 08:47:00,2024-05-12 08:56:00,2024-05-12 09:07:00,2024-05-12 08:46:00,2024-05-12 09:17:00,2024-05-12 09:11:00,2024-05-12 09:37:00,2024-05-12 09:26:00,2024-05-12 10:07:00,2024-05-12 09:46:00,2024-05-12 10:37:00,2024-05-12 10:16:00,2024-05-12 10:57:00,2024-05-12 10:36:00,2024-05-12 11:17:00,2024-05-12 11:06:00,2024-05-12 11:47:00,2024-05-12 11:36:00,2024-05-12 12:17:00,2024-05-12 12:06:00,2024-05-12 12:37:00,2024-05-12 12:32:00,2024-05-12 12:57:00,2024-05-12 12:46:00,2024-05-12 13:27:00,2024-05-12 13:16:00,2024-05-12 13:57:00,2024-05-12 13:36:00,2024-05-12 14:27:00,2024-05-12 14:06:00,2024-05-12 14:57:00,2024-05-12 14:36:00,2024-05-12 15:17:00,2024-05-12 15:06:00,2024-05-12 15:37:00,2024-05-12 15:26:00,2024-05-12 16:07:00,2024-05-12 15:56:00,2024-05-12 16:27:00,2024-05-12 16:16:00,2024-05-12 16:47:00,2024-05-12 16:36:00,2024-05-12 17:17:00,2024-05-12 17:06:00,2024-05-12 17:37:00,2024-05-12 17:26:00,2024-05-12 17:57:00,2024-05-12 17:46:00,2024-05-12 18:12:00,2024-05-12 18:01:00,2024-05-12 18:27:00,2024-05-12 18:16:00,2024-05-12 18:47:00,2024-05-12 18:36:00,2024-05-12 19:07:00,2024-05-12 18:56:00,2024-05-12 19:17:00,2024-05-12 19:11:00,2024-05-12 19:37:00,2024-05-12 19:25:00,2024-05-12 20:00:00,2024-05-12 19:54:00,2024-05-12 20:30:00,2024-05-12 20:24:00,2024-05-12 21:30:00,2024-05-12 21:24:00,2024-05-12 22:30:00,2024-05-12 22:24:00,2024-05-12 23:30:00,2024-05-12 23:24:00,2533107.0,1152679.0,8105.173697674637
"Ecublens VD, EPFL (bus)",8579233,ANKUNFTSZEIT,2024-05-12 06:12:00,2024-05-12 06:04:00,2024-05-12 06:42:00,2024-05-12 06:34:00,2024-05-12 07:02:00,2024-05-12 06:54:00,2024-05-12 07:14:00,2024-05-12 07:22:00,2024-05-12 07:31:00,2024-05-12 07:37:00,2024-05-12 07:41:00,2024-05-12 07:47:00,2024-05-12 07:51:00,2024-05-12 07:57:00,2024-05-12 08:01:00,2024-05-12 08:07:00,2024-05-12 08:21:00,2024-05-12 08:17:00,2024-05-12 08:11:00,2024-05-12 08:27:00,2024-05-12 08:36:00,2024-05-12 08:47:00,2024-05-12 08:56:00,2024-05-12 09:07:00,2024-05-12 08:46:00,2024-05-12 09:17:00,2024-05-12 09:11:00,2024-05-12 09:37:00,2024-05-12 09:26:00,2024-05-12 10:07:00,2024-05-12 09:46:00,2024-05-12 10:37:00,2024-05-12 10:16:00,2024-05-12 10:57:00,2024-05-12 10:36:00,2024-05-12 11:17:00,2024-05-12 11:06:00,2024-05-12 11:47:00,2024-05-12 11:36:00,2024-05-12 12:17:00,2024-05-12 12:06:00,2024-05-12 12:37:00,2024-05-12 12:32:00,2024-05-12 12:57:00,2024-05-12 12:46:00,2024-05-12 13:27:00,2024-05-12 13:16:00,2024-05-12 13:57:00,2024-05-12 13:36:00,2024-05-12 14:27:00,2024-05-12 14:06:00,2024-05-12 14:57:00,2024-05-12 14:36:00,2024-05-12 15:17:00,2024-05-12 15:06:00,2024-05-12 15:37:00,2024-05-12 15:26:00,2024-05-12 16:07:00,2024-05-12 15:56:00,2024-05-12 16:27:00,2024-05-12 16:16:00,2024-05-12 16:47:00,2024-05-12 16:36:00,2024-05-12 17:17:00,2024-05-12 17:06:00,2024-05-12 17:37:00,2024-05-12 17:26:00,2024-05-12 17:57:00,2024-05-12 17:46:00,2024-05-12 18:12:00,2024-05-12 18:01:00,2024-05-12 18:27:00,2024-05-12 18:16:00,2024-05-12 18:47:00,2024-05-12 18:36:00,2024-05-12 19:07:00,2024-05-12 18:56:00,2024-05-12 19:17:00,2024-05-12 19:11:00,2024-05-12 19:37:00,2024-05-12 19:25:00,2024-05-12 20:00:00,2024-05-12 19:54:00,2024-05-12 20:30:00,2024-05-12 20:24:00,2024-05-12 21:30:00,2024-05-12 21:24:00,2024-05-12 22:30:00,2024-05-12 22:24:00,2024-05-12 23:30:00,2024-05-12 23:24:00,2533107.0,1152679.0,8105.173697674637
"Ecublens VD, Argand",8591944,ABFAHRTSZEIT,,2024-05-12 06:05:00,,2024-05-12 06:35:00,,2024-05-12 06:55:00,2024-05-12 07:15:00,,2024-05-12 07:32:00,,2024-05-12 07:42:00,,2024-05-12 07:52:00,,2024-05-12 08:02:00,,2024-05-12 08:22:00,,2024-05-12 08:12:00,,2024-05-12 08:37:00,,2024-05-12 08:57:00,,2024-05-12 08:47:00,,2024-05-12 09:12:00,,2024-05-12 09:27:00,,2024-05-12 09:47:00,,2024-05-12 10:17:00,,2024-05-12 10:37:00,,2024-05-12 11:07:00,,2024-05-12 11:37:00,,2024-05-12 12:07:00,,2024-05-12 12:33:00,,2024-05-12 12:47:00,,2024-05-12 13:17:00,,2024-05-12 13:37:00,,2024-05-12 14:07:00,,2024-05-12 14:37:00,,2024-05-12 15:07:00,,2024-05-12 15:27:00,,2024-05-12 15:57:00,,2024-05-12 16:17:00,,2024-05-12 16:37:00,,2024-05-12 17:07:00,,2024-05-12 17:27:00,,2024-05-12 17:47:00,,2024-05-12 18:02:00,,2024-05-12 18:17:00,,2024-05-12 18:37:00,,2024-05-12 18:57:00,,2024-05-12 19:12:00,,2024-05-12 19:26:00,,2024-05-12 19:55:00,,2024-05-12 20:25:00,,2024-05-12 21:25:00,,2024-05-12 22:25:00,,2024-05-12 23:25:00,2533488.0,1152483.0,8533.632563845009
"Ecublens VD, Argand",8591944,ANKUNFTSZEIT,,2024-05-12 06:05:00,,2024-05-12 06:35:00,,2024-05-12 06:55:00,2024-05-12 07:15:00,,2024-05-12 07:32:00,,2024-05-12 07:42:00,,2024-05-12 07:52:00,,2024-05-12 08:02:00,,2024-05-12 08:22:00,,2024-05-12 08:12:00,,2024-05-12 08:37:00,,2024-05-12 08:57:00,,2024-05-12 08:47:00,,2024-05-12 09:12:00,,2024-05-12 09:27:00,,2024-05-12 09:47:00,,2024-05-12 10:17:00,,2024-05-12 10:37:00,,2024-05-12 11:07:00,,2024-05-12 11:37:00,,2024-05-12 12:07:00,,2024-05-12 12:33:00,,2024-05-12 12:47:00,,2024-05-12 13:17:00,,2024-05-12 13:37:00,,2024-05-12 14:07:00,,2024-05-12 14:37:00,,2024-05-12 15:07:00,,2024-05-12 15:27:00,,2024-05-12 15:57:00,,2024-05-12 16:17:00,,2024-05-12 16:37:00,,2024-05-12 17:07:00,,2024-05-12 17:27:00,,2024-05-12 17:47:00,,2024-05-12 18:02:00,,2024-05-12 18:17:00,,2024-05-12 18:37:00,,2024-05-12 18:57:00,,2024-05-12 19:12:00,,2024-05-12 19:26:00,,2024-05-12 19:55:00,,2024-05-12 20:25:00,,2024-05-12 21:25:00,,2024-05-12 22:25:00,,2024-05-12 23:25:00,2533488.0,1152483.0,8533.632563845009
"Ecublens VD, EPFL Piccard",8579234,ABFAHRTSZEIT,2024-05-12 06:12:00,,2024-05-12 06:42:00,,2024-05-12 07:02:00,,,2024-05-12 07:22:00,,2024-05-12 07:37:00,,2024-05-12 07:47:00,,2024-05-12 07:57:00,,2024-05-12 08:07:00,,2024-05-12 08:17:00,,2024-05-12 08:27:00,,2024-05-12 08:47:00,,2024-05-12 09:07:00,,2024-05-12 09:17:00,,2024-05-12 09:37:00,,2024-05-12 10:07:00,,2024-05-12 10:37:00,,2024-05-12 10:57:00,,2024-05-12 11:17:00,,2024-05-12 11:47:00,,2024-05-12 12:17:00,,2024-05-12 12:37:00,,2024-05-12 12:57:00,,2024-05-12 13:27:00,,2024-05-12 13:57:00,,2024-05-12 14:27:00,,2024-05-12 14:57:00,,2024-05-12 15:17:00,,2024-05-12 15:37:00,,2024-05-12 16:07:00,,2024-05-12 16:27:00,,2024-05-12 16:47:00,,2024-05-12 17:17:00,,2024-05-12 17:37:00,,2024-05-12 17:57:00,,2024-05-12 18:12:00,,2024-05-12 18:27:00,,2024-05-12 18:47:00,,2024-05-12 19:07:00,,2024-05-12 19:17:00,,2024-05-12 19:37:00,,2024-05-12 20:00:00,,2024-05-12 20:30:00,,2024-05-12 21:30:00,,2024-05-12 22:30:00,,2024-05-12 23:30:00,,2533226.62602,1152482.70215,8795.006713553317
"Ecublens VD, EPFL Piccard",8579234,ANKUNFTSZEIT,,2024-05-12 06:07:00,,2024-05-12 06:37:00,,2024-05-12 06:57:00,2024-05-12 07:17:00,,2024-05-12 07:34:00,,2024-05-12 07:44:00,,2024-05-12 07:54:00,,2024-05-12 08:04:00,,2024-05-12 08:24:00,,2024-05-12 08:14:00,,2024-05-12 08:39:00,,2024-05-12 08:59:00,,2024-05-12 08:49:00,,2024-05-12 09:14:00,,2024-05-12 09:29:00,,2024-05-12 09:49:00,,2024-05-12 10:19:00,,2024-05-12 10:39:00,,2024-05-12 11:09:00,,2024-05-12 11:39:00,,2024-05-12 12:09:00,,2024-05-12 12:35:00,,2024-05-12 12:49:00,,2024-05-12 13:19:00,,2024-05-12 13:39:00,,2024-05-12 14:09:00,,2024-05-12 14:39:00,,2024-05-12 15:09:00,,2024-05-12 15:29:00,,2024-05-12 15:59:00,,2024-05-12 16:19:00,,2024-05-12 16:39:00,,2024-05-12 17:09:00,,2024-05-12 17:29:00,,2024-05-12 17:49:00,,2024-05-12 18:04:00,,2024-05-12 18:19:00,,2024-05-12 18:39:00,,2024-05-12 18:59:00,,2024-05-12 19:14:00,,2024-05-12 19:28:00,,2024-05-12 19:57:00,,2024-05-12 20:27:00,,2024-05-12 21:27:00,,2024-05-12 22:27:00,,2024-05-12 23:27:00,2533226.62602,1152482.70215,8795.006713553317
