Name,BPUIC,,BPUIC,85:764:5000_705-R-201_0612_BUSPS124-2,85:764:5001_705-A-101_0540_BUSPS124-2,85:764:5002_705-R-201_0642_BUSPS124-2,85:764:5003_705-A-101_0610_BUSPS124-2,85:764:5004_705-R-201_0702_BUSPS124-2,85:764:5005_705-A-101_0630_BUSPS124-2,85:764:5007_705-A-101_0650_BUSPS124-2,85:764:5008_705-R-201_0722_BUSPS124-2,85:764:5009_705-A-101_0705_BUSPS124-2,85:764:5010_705-R-201_0737_BUSPS124-2,85:764:5011_705-A-101_0715_BUSPS124-2,85:764:5012_705-R-203_0747_BUSPS124-2,85:764:5013_705-A-101_0725_BUSPS124-2,85:764:5014_705-R-201_0757_BUSPS124-2,85:764:5015_705-A-101_0735_BUSPS124-2,85:764:5016_705-R-201_0807_BUSPS124-2,85:764:5017_705-A-101_0755_BUSPS124-2,85:764:5018_705-R-203_0817_BUSPS124-2,85:764:5019_705-A-102_0801_BUSPS124-2,85:764:5020_705-R-201_0827_BUSPS124-2,85:764:5021_705-A-101_0810_BUSPS124-2,85:764:5022_705-R-201_0847_BUSPS124-2,85:764:5023_705-A-101_0830_BUSPS124-2,85:764:5024_705-R-201_0907_BUSPS124-2,85:764:5025_705-A-102_0836_BUSPS124-2,85:764:5026_705-R-201_0917_BUSPS124-2,85:764:5027_705-A-101_0845_BUSPS124-2,85:764:5028_705-R-201_0937_BUSPS124-2,85:764:5029_705-A-101_0900_BUSPS124-2,85:764:5030_705-R-201_1007_BUSPS124-2,85:764:5031_705-A-101_0920_BUSPS124-2,85:764:5032_705-R-201_1037_BUSPS124-2,85:764:5033_705-A-101_0950_BUSPS124-2,85:764:5034_705-R-201_1057_BUSPS124-2,85:764:5035_705-A-101_1010_BUSPS124-2,85:764:5036_705-R-201_1117_BUSPS124-2,85:764:5037_705-A-101_1040_BUSPS124-2,85:764:5038_705-R-201_1147_BUSPS124-2,85:764:5039_705-A-101_1110_BUSPS124-2,85:764:5040_705-R-201_1217_BUSPS124-2,85:764:5041_705-A-101_1140_BUSPS124-2,85:764:5042_705-R-201_1237_BUSPS124-2,85:764:5043_705-A-101_1206_BUSPS124-2,85:764:5044_705-R-201_1257_BUSPS124-2,85:764:5045_705-A-101_1220_BUSPS124-2,85:764:5046_705-R-201_1327_BUSPS124-2,85:764:5047_705-A-101_1250_BUSPS124-2,85:764:5048_705-R-201_1357_BUSPS124-2,85:764:5049_705-A-101_1310_BUSPS124-2,85:764:5050_705-R-201_1427_BUSPS124-2,85:764:5051_705-A-101_1340_BUSPS124-2,85:764:5052_705-R-201_1457_BUSPS124-2,85:764:5053_705-A-101_1410_BUSPS124-2,85:764:5054_705-R-201_1517_BUSPS124-2,85:764:5055_705-A-101_1440_BUSPS124-2,85:764:5056_705-R-201_1537_BUSPS124-2,85:764:5057_705-A-101_1500_BUSPS124-2,85:764:5058_705-R-201_1607_BUSPS124-2,85:764:5059_705-A-101_1530_BUSPS124-2,85:764:5060_705-R-201_1627_BUSPS124-2,85:764:5061_705-A-101_1550_BUSPS124-2,85:764:5062_705-R-201_1647_BUSPS124-2,85:764:5063_705-A-101_1610_BUSPS124-2,85:764:5064_705-R-201_1717_BUSPS124-2,85:764:5065_705-A-101_1640_BUSPS124-2,85:764:5066_705-R-201_1737_BUSPS124-2,85:764:5067_705-A-101_1700_BUSPS124-2,85:764:5068_705-R-201_1757_BUSPS124-2,85:764:5069_705-A-101_1720_BUSPS124-2,85:764:5070_705-R-201_1812_BUSPS124-2,85:764:5071_705-A-101_1735_BUSPS124-2,85:764:5072_705-R-201_1827_BUSPS124-2,85:764:5073_705-A-101_1750_BUSPS124-2,85:764:5074_705-R-201_1847_BUSPS124-2,85:764:5075_705-A-101_1810_BUSPS124-2,85:764:5076_705-R-201_1907_BUSPS124-2,85:764:5077_705-A-101_1830_BUSPS124-2,85:764:5078_705-R-201_1917_BUSPS124-2,85:764:5079_705-A-101_1845_BUSPS124-2,85:764:5080_705-R-201_1937_BUSPS124-2,85:764:5081_705-A-101_1900_BUSPS124-2,85:764:5082_705-R-201_2000_BUSPS124-2,85:764:5083_705-A-101_1930_BUSPS124-2,85:764:5084_705-R-201_2030_BUSPS124-2,85:764:5085_705-A-101_2000_BUSPS124-2,85:764:5086_705-R-201_2130_BUSPS124-2,85:764:5087_705-A-101_2100_BUSPS124-2,85:764:5088_705-R-201_2230_BUSPS124-2,85:764:5089_705-A-101_2200_BUSPS124-2,85:764:5090_705-R-201_2330_BUSPS124-2,85:764:5091_705-A-101_2300_BUSPS124-2,lv95East,lv95North,Distance
"Denges, La Pale",8592239,AN_PROGNOSE,8592239,2024-05-12 06:28:47,2024-05-12 05:49:10,2024-05-12 07:00:53,,2024-05-12 07:21:19,,2024-05-12 07:00:14,2024-05-12 07:40:34,,,2024-05-12 07:25:38,,2024-05-12 07:39:38,2024-05-12 08:16:02,2024-05-12 07:46:12,,,,,2024-05-12 08:44:06,,2024-05-12 09:04:55,2024-05-12 08:40:46,2024-05-12 09:25:00,,2024-05-12 09:35:28,,2024-05-12 09:54:58,,,,2024-05-12 10:53:59,2024-05-12 10:00:33,,,2024-05-12 11:36:04,2024-05-12 10:53:36,2024-05-12 12:04:32,,2024-05-12 12:35:42,,2024-05-12 12:56:01,,,2024-05-12 12:30:36,,,2024-05-12 14:14:48,2024-05-12 13:20:25,2024-05-12 14:44:46,2024-05-12 13:50:57,2024-05-12 15:15:33,2024-05-12 14:19:54,2024-05-12 15:35:20,,2024-05-12 15:54:52,2024-05-12 15:11:20,2024-05-12 16:25:34,,,2024-05-12 16:02:57,2024-05-12 17:05:36,,2024-05-12 17:35:36,2024-05-12 16:51:05,2024-05-12 17:55:00,2024-05-12 17:12:10,2024-05-12 18:16:40,2024-05-12 17:37:11,2024-05-12 18:30:28,2024-05-12 17:45:48,,,2024-05-12 19:03:13,2024-05-12 18:21:30,2024-05-12 19:23:57,,2024-05-12 19:35:20,2024-05-12 18:55:54,2024-05-12 19:54:27,2024-05-12 19:10:21,2024-05-12 20:16:02,,2024-05-12 20:47:40,2024-05-12 20:10:21,2024-05-12 21:48:00,2024-05-12 21:09:55,,,,,2531209.31847,1152347.6803,4319.767229083387
"Denges, La Pale",8592239,AB_PROGNOSE,8592239,2024-05-12 06:29:20,2024-05-12 05:49:15,2024-05-12 07:00:58,,2024-05-12 07:21:24,,2024-05-12 07:00:19,2024-05-12 07:40:39,,,2024-05-12 07:25:38,,2024-05-12 07:39:43,2024-05-12 08:16:02,2024-05-12 07:46:17,,,,,2024-05-12 08:46:05,,2024-05-12 09:05:00,2024-05-12 08:40:46,2024-05-12 09:25:00,,2024-05-12 09:35:33,,2024-05-12 09:55:03,,,,2024-05-12 10:54:04,2024-05-12 10:00:38,,,2024-05-12 11:36:09,2024-05-12 10:53:41,2024-05-12 12:04:37,,2024-05-12 12:35:47,,2024-05-12 12:56:06,,,2024-05-12 12:30:41,,,2024-05-12 14:14:53,2024-05-12 13:20:30,2024-05-12 14:44:51,2024-05-12 13:51:02,2024-05-12 15:15:38,2024-05-12 14:19:59,2024-05-12 15:35:25,,2024-05-12 15:54:57,2024-05-12 15:11:25,2024-05-12 16:25:39,,,2024-05-12 16:03:02,2024-05-12 17:05:41,,2024-05-12 17:35:41,2024-05-12 16:51:10,2024-05-12 17:55:00,2024-05-12 17:12:15,2024-05-12 18:16:45,2024-05-12 17:37:16,2024-05-12 18:30:33,2024-05-12 17:45:53,,,2024-05-12 19:03:18,2024-05-12 18:21:35,2024-05-12 19:24:02,,2024-05-12 19:35:25,2024-05-12 18:55:59,2024-05-12 19:54:32,2024-05-12 19:10:26,2024-05-12 20:16:07,,2024-05-12 20:47:45,2024-05-12 20:10:26,2024-05-12 21:48:05,2024-05-12 21:10:00,,,,,2531209.31847,1152347.6803,4319.767229083387
"Denges, Les Oches",8588872,AN_PROGNOSE,8588872,2024-05-12 06:26:19,2024-05-12 05:51:09,2024-05-12 06:58:10,,2024-05-12 07:18:02,,2024-05-12 07:02:45,2024-05-12 07:37:30,,,2024-05-12 07:28:33,,2024-05-12 07:43:16,2024-05-12 08:13:09,2024-05-12 07:49:01,,,,,2024-05-12 08:41:27,,2024-05-12 09:02:02,2024-05-12 08:43:29,2024-05-12 09:22:07,,2024-05-12 09:32:18,,2024-05-12 09:52:07,,,,2024-05-12 10:50:52,2024-05-12 10:02:27,,,2024-05-12 11:33:18,2024-05-12 10:56:57,2024-05-12 12:02:02,2024-05-12 11:24:12,2024-05-12 12:32:46,,2024-05-12 12:53:45,,,2024-05-12 12:33:09,,,2024-05-12 14:12:38,2024-05-12 13:23:16,2024-05-12 14:41:45,2024-05-12 13:54:03,2024-05-12 15:12:43,2024-05-12 14:22:55,2024-05-12 15:32:07,,2024-05-12 15:51:29,2024-05-12 15:14:43,2024-05-12 16:22:21,,,2024-05-12 16:06:26,2024-05-12 17:02:51,,2024-05-12 17:32:47,2024-05-12 16:54:07,2024-05-12 17:52:07,2024-05-12 17:15:03,,2024-05-12 17:39:51,2024-05-12 18:27:35,2024-05-12 17:48:51,,,2024-05-12 19:00:45,2024-05-12 18:24:00,2024-05-12 19:21:10,,2024-05-12 19:32:26,2024-05-12 18:58:35,2024-05-12 19:52:15,2024-05-12 19:13:01,2024-05-12 20:13:59,,2024-05-12 20:44:59,2024-05-12 20:12:47,2024-05-12 21:45:28,2024-05-12 21:12:20,,,,,2531178.62831,1153155.79499,5155.0704743451
"Denges, Les Oches",8588872,AB_PROGNOSE,8588872,2024-05-12 06:26:24,2024-05-12 05:51:14,2024-05-12 06:58:15,,2024-05-12 07:18:07,,2024-05-12 07:02:50,2024-05-12 07:37:35,,,2024-05-12 07:28:33,,2024-05-12 07:43:21,2024-05-12 08:13:09,2024-05-12 07:49:06,,,,,2024-05-12 08:41:32,,2024-05-12 09:02:07,2024-05-12 08:43:29,2024-05-12 09:22:07,,2024-05-12 09:32:23,,2024-05-12 09:52:07,,,,2024-05-12 10:50:57,2024-05-12 10:02:32,,,2024-05-12 11:33:23,2024-05-12 10:57:02,2024-05-12 12:02:07,2024-05-12 11:24:17,2024-05-12 12:32:51,,2024-05-12 12:53:50,,,2024-05-12 12:33:14,,,2024-05-12 14:12:43,2024-05-12 13:23:21,2024-05-12 14:41:50,2024-05-12 13:54:08,2024-05-12 15:12:48,2024-05-12 14:23:00,2024-05-12 15:32:07,,2024-05-12 15:52:07,2024-05-12 15:14:48,2024-05-12 16:22:26,,,2024-05-12 16:06:31,2024-05-12 17:02:56,,2024-05-12 17:32:52,2024-05-12 16:54:12,2024-05-12 17:52:07,2024-05-12 17:15:08,,2024-05-12 17:39:56,2024-05-12 18:27:40,2024-05-12 17:48:56,,,2024-05-12 19:00:50,2024-05-12 18:24:05,2024-05-12 19:21:15,,2024-05-12 19:32:31,2024-05-12 18:58:40,2024-05-12 19:52:20,2024-05-12 19:13:06,2024-05-12 20:14:04,,2024-05-12 20:45:11,2024-05-12 20:12:52,2024-05-12 21:45:33,2024-05-12 21:12:25,,,,,2531178.62831,1153155.79499,5155.0704743451
"Denges, Pierraz-Mur",8592240,AN_PROGNOSE,8592240,2024-05-12 06:33:39,2024-05-12 05:47:21,2024-05-12 07:03:03,,2024-05-12 07:23:00,,2024-05-12 06:58:22,2024-05-12 07:42:20,,,2024-05-12 07:24:07,,2024-05-12 07:37:08,2024-05-12 08:19:02,2024-05-12 07:43:57,2024-05-12 08:28:54,,,,2024-05-12 08:47:54,,2024-05-12 09:07:11,2024-05-12 08:38:08,2024-05-12 09:28:00,,2024-05-12 09:38:39,,2024-05-12 09:58:00,,2024-05-12 10:26:38,,2024-05-12 10:56:24,2024-05-12 09:58:36,,,2024-05-12 11:38:08,2024-05-12 10:51:40,2024-05-12 12:07:33,,2024-05-12 12:37:40,,2024-05-12 12:58:25,,,2024-05-12 12:28:36,,,2024-05-12 14:16:55,2024-05-12 13:17:55,2024-05-12 14:47:45,2024-05-12 13:48:32,2024-05-12 15:18:28,2024-05-12 14:17:12,2024-05-12 15:37:46,,2024-05-12 15:57:47,2024-05-12 15:08:33,2024-05-12 16:28:14,,,2024-05-12 16:00:15,2024-05-12 17:07:33,,2024-05-12 17:38:14,2024-05-12 16:49:01,2024-05-12 17:58:00,2024-05-12 17:10:16,2024-05-12 18:18:30,2024-05-12 17:34:54,2024-05-12 18:33:23,2024-05-12 17:43:30,2024-05-12 18:46:47,,2024-05-12 19:06:57,2024-05-12 18:17:44,2024-05-12 19:26:09,,2024-05-12 19:38:23,2024-05-12 18:53:14,2024-05-12 19:56:49,2024-05-12 19:08:00,2024-05-12 20:19:22,,2024-05-12 20:50:16,2024-05-12 20:08:24,2024-05-12 21:50:03,2024-05-12 21:07:56,2024-05-12 22:52:22,,,,2530776.0,1151938.0,3492.738321643237
"Denges, Pierraz-Mur",8592240,AB_PROGNOSE,8592240,2024-05-12 06:33:44,2024-05-12 05:47:26,2024-05-12 07:03:08,,2024-05-12 07:23:00,,2024-05-12 06:58:27,2024-05-12 07:42:25,,,2024-05-12 07:24:12,,2024-05-12 07:37:13,2024-05-12 08:19:02,2024-05-12 07:44:02,2024-05-12 08:29:06,,,,2024-05-12 08:48:26,,2024-05-12 09:07:28,2024-05-12 08:38:08,2024-05-12 09:28:00,,2024-05-12 09:38:44,,2024-05-12 09:58:00,,2024-05-12 10:27:05,,2024-05-12 10:56:29,2024-05-12 09:59:24,,,2024-05-12 11:38:30,2024-05-12 10:51:45,2024-05-12 12:08:08,,2024-05-12 12:38:00,,2024-05-12 12:58:42,,,2024-05-12 12:28:55,2024-05-12 13:48:00,,2024-05-12 14:18:00,2024-05-12 13:18:00,2024-05-12 14:47:50,2024-05-12 13:48:45,2024-05-12 15:18:33,2024-05-12 14:18:00,2024-05-12 15:38:00,,2024-05-12 15:57:52,2024-05-12 15:08:57,2024-05-12 16:28:19,,,2024-05-12 16:00:20,2024-05-12 17:07:38,,2024-05-12 17:38:19,2024-05-12 16:49:06,2024-05-12 17:58:00,2024-05-12 17:10:21,2024-05-12 18:18:35,2024-05-12 17:34:59,2024-05-12 18:33:28,2024-05-12 17:43:35,2024-05-12 18:46:52,,2024-05-12 19:07:02,2024-05-12 18:19:54,2024-05-12 19:26:14,,2024-05-12 19:38:28,2024-05-12 18:53:19,2024-05-12 19:57:24,2024-05-12 19:08:31,2024-05-12 20:19:27,,2024-05-12 20:50:21,2024-05-12 20:08:29,2024-05-12 21:50:15,2024-05-12 21:08:01,2024-05-12 22:52:27,,,,2530776.0,1151938.0,3492.738321643237
"Denges, Sur les Moulins",8592241,AN_PROGNOSE,8592241,2024-05-12 06:30:26,2024-05-12 05:48:18,2024-05-12 07:01:35,,2024-05-12 07:22:03,,2024-05-12 06:59:24,2024-05-12 07:41:17,,,2024-05-12 07:25:06,,2024-05-12 07:39:00,2024-05-12 08:17:17,2024-05-12 07:45:08,,,,,2024-05-12 08:46:42,,2024-05-12 09:05:37,2024-05-12 08:39:26,2024-05-12 09:26:15,,2024-05-12 09:36:40,,2024-05-12 09:55:45,,2024-05-12 10:24:49,,2024-05-12 10:54:49,2024-05-12 09:59:43,,,2024-05-12 11:36:47,2024-05-12 10:52:49,2024-05-12 12:05:46,,2024-05-12 12:36:23,,2024-05-12 12:57:02,,,2024-05-12 12:29:52,,,2024-05-12 14:15:33,2024-05-12 13:19:04,2024-05-12 14:46:19,2024-05-12 13:49:46,2024-05-12 15:16:32,2024-05-12 14:19:04,2024-05-12 15:36:02,,2024-05-12 15:56:59,2024-05-12 15:10:16,2024-05-12 16:26:27,,,2024-05-12 16:01:46,2024-05-12 17:06:13,,2024-05-12 17:36:30,2024-05-12 16:49:18,2024-05-12 17:55:44,2024-05-12 17:11:22,2024-05-12 18:18:00,2024-05-12 17:36:22,2024-05-12 18:31:28,2024-05-12 17:44:29,2024-05-12 18:45:29,,2024-05-12 19:05:43,2024-05-12 18:20:52,2024-05-12 19:24:37,,2024-05-12 19:36:27,2024-05-12 18:54:32,2024-05-12 19:55:09,2024-05-12 19:09:30,2024-05-12 20:17:07,,2024-05-12 20:48:34,2024-05-12 20:09:30,2024-05-12 21:48:39,2024-05-12 21:08:57,,,,,2531176.04448,1151922.30311,3893.09063940132
"Denges, Sur les Moulins",8592241,AB_PROGNOSE,8592241,2024-05-12 06:30:26,2024-05-12 05:48:23,2024-05-12 07:01:40,,2024-05-12 07:22:08,,2024-05-12 06:59:29,2024-05-12 07:41:22,,,2024-05-12 07:25:11,,2024-05-12 07:39:05,2024-05-12 08:17:17,2024-05-12 07:45:13,,,,,2024-05-12 08:46:47,,2024-05-12 09:05:42,2024-05-12 08:39:26,2024-05-12 09:26:15,,2024-05-12 09:36:45,,2024-05-12 09:55:50,,2024-05-12 10:24:54,,2024-05-12 10:54:54,2024-05-12 09:59:48,,,2024-05-12 11:36:52,2024-05-12 10:52:54,2024-05-12 12:05:51,,2024-05-12 12:36:28,,2024-05-12 12:57:07,,,2024-05-12 12:29:57,,,2024-05-12 14:15:38,2024-05-12 13:19:09,2024-05-12 14:46:24,2024-05-12 13:49:51,2024-05-12 15:16:37,2024-05-12 14:19:09,2024-05-12 15:36:07,,2024-05-12 15:57:04,2024-05-12 15:10:21,2024-05-12 16:26:32,,,2024-05-12 16:01:51,2024-05-12 17:06:18,,2024-05-12 17:36:35,2024-05-12 16:49:18,2024-05-12 17:55:49,2024-05-12 17:11:27,2024-05-12 18:18:00,2024-05-12 17:36:27,2024-05-12 18:31:33,2024-05-12 17:44:34,2024-05-12 18:45:34,,2024-05-12 19:05:48,2024-05-12 18:20:57,2024-05-12 19:24:42,,2024-05-12 19:36:32,2024-05-12 18:54:37,2024-05-12 19:55:14,2024-05-12 19:09:35,2024-05-12 20:17:57,,2024-05-12 20:48:49,2024-05-12 20:09:35,2024-05-12 21:48:44,2024-05-12 21:09:02,2024-05-12 22:48:26,,,,2531176.04448,1151922.30311,3893.09063940132
"Denges, village",8592242,AN_PROGNOSE,8592242,2024-05-12 06:27:39,2024-05-12 05:50:21,2024-05-12 06:59:16,,2024-05-12 07:19:31,,2024-05-12 07:01:52,2024-05-12 07:38:57,,,2024-05-12 07:27:25,,2024-05-12 07:41:52,2024-05-12 08:14:08,2024-05-12 07:48:04,,,,,2024-05-12 08:42:10,,2024-05-12 09:03:11,2024-05-12 08:42:26,2024-05-12 09:23:06,,2024-05-12 09:34:02,,2024-05-12 09:53:06,,,,2024-05-12 10:52:17,2024-05-12 10:01:42,,,2024-05-12 11:34:43,2024-05-12 10:55:58,2024-05-12 12:03:06,,2024-05-12 12:33:57,,2024-05-12 12:54:36,,,2024-05-12 12:31:57,,,2024-05-12 14:13:22,2024-05-12 13:21:50,2024-05-12 14:42:55,2024-05-12 13:52:42,2024-05-12 15:14:08,2024-05-12 14:21:46,2024-05-12 15:33:06,,2024-05-12 15:53:26,2024-05-12 15:13:00,2024-05-12 16:23:37,,,2024-05-12 16:04:51,2024-05-12 17:04:02,,2024-05-12 17:34:07,2024-05-12 16:52:47,2024-05-12 17:53:06,2024-05-12 17:13:51,,2024-05-12 17:38:33,2024-05-12 18:28:21,2024-05-12 17:47:31,,,2024-05-12 19:01:48,2024-05-12 18:22:54,2024-05-12 19:22:21,,2024-05-12 19:33:16,2024-05-12 18:57:32,2024-05-12 19:53:01,2024-05-12 19:12:00,2024-05-12 20:14:53,,2024-05-12 20:46:15,2024-05-12 20:11:54,2024-05-12 21:46:37,2024-05-12 21:11:25,,,,,2531088.48382,1152835.77612,4822.597759324107
"Denges, village",8592242,AB_PROGNOSE,8592242,2024-05-12 06:27:39,2024-05-12 05:50:26,2024-05-12 06:59:21,,2024-05-12 07:19:36,,2024-05-12 07:01:57,2024-05-12 07:39:02,,,2024-05-12 07:27:30,,2024-05-12 07:41:57,2024-05-12 08:14:08,2024-05-12 07:48:09,,,,,2024-05-12 08:42:15,,2024-05-12 09:03:16,2024-05-12 08:42:26,2024-05-12 09:23:06,,2024-05-12 09:34:07,,2024-05-12 09:53:06,,,,2024-05-12 10:52:22,2024-05-12 10:01:47,,,2024-05-12 11:34:48,2024-05-12 10:56:03,2024-05-12 12:03:11,2024-05-12 11:22:18,2024-05-12 12:34:02,,2024-05-12 12:54:41,,,2024-05-12 12:32:02,,,2024-05-12 14:13:27,2024-05-12 13:21:55,2024-05-12 14:43:13,2024-05-12 13:52:47,2024-05-12 15:14:13,2024-05-12 14:21:51,2024-05-12 15:33:06,,2024-05-12 15:53:31,2024-05-12 15:13:05,2024-05-12 16:23:42,,,2024-05-12 16:04:56,2024-05-12 17:04:07,,2024-05-12 17:34:12,2024-05-12 16:52:52,2024-05-12 17:53:06,2024-05-12 17:13:56,,2024-05-12 17:38:38,2024-05-12 18:28:26,2024-05-12 17:47:36,,,2024-05-12 19:01:53,2024-05-12 18:22:59,2024-05-12 19:22:26,,2024-05-12 19:33:21,2024-05-12 18:57:37,2024-05-12 19:53:06,2024-05-12 19:12:05,2024-05-12 20:14:58,,2024-05-12 20:46:20,2024-05-12 20:11:59,2024-05-12 21:46:42,2024-05-12 21:11:30,,,,,2531088.48382,1152835.77612,4822.597759324107
"Echandens, Chocolatière",8592244,AN_PROGNOSE,8592244,2024-05-12 06:22:47,2024-05-12 05:57:42,2024-05-12 06:53:54,,,,2024-05-12 07:07:25,2024-05-12 07:33:19,2024-05-12 07:22:50,,2024-05-12 07:32:50,2024-05-12 07:58:34,2024-05-12 07:49:32,2024-05-12 08:08:02,2024-05-12 07:54:40,,2024-05-12 08:16:22,2024-05-12 08:28:04,2024-05-12 08:02:50,2024-05-12 08:37:18,,2024-05-12 08:57:48,2024-05-12 08:47:50,2024-05-12 09:17:07,2024-05-12 08:37:50,2024-05-12 09:27:16,,2024-05-12 09:47:20,,,,2024-05-12 10:46:35,2024-05-12 10:06:43,,,,2024-05-12 11:01:20,2024-05-12 11:57:17,2024-05-12 11:28:42,2024-05-12 12:28:19,,2024-05-12 12:48:20,,,2024-05-12 12:37:54,,,2024-05-12 14:07:29,2024-05-12 13:28:12,2024-05-12 14:37:11,2024-05-12 13:58:40,2024-05-12 15:07:39,2024-05-12 14:27:45,2024-05-12 15:27:15,,2024-05-12 15:47:09,2024-05-12 15:19:20,2024-05-12 16:17:39,2024-05-12 15:49:14,,2024-05-12 16:11:37,2024-05-12 16:57:55,2024-05-12 16:31:03,2024-05-12 17:28:04,2024-05-12 16:58:57,2024-05-12 17:48:34,2024-05-12 17:19:00,,2024-05-12 17:44:59,2024-05-12 18:22:28,2024-05-12 17:53:07,,,2024-05-12 18:56:10,2024-05-12 18:27:54,2024-05-12 19:17:25,,2024-05-12 19:27:18,2024-05-12 19:03:11,2024-05-12 19:46:59,2024-05-12 19:16:59,2024-05-12 20:09:40,,2024-05-12 20:40:25,2024-05-12 20:17:06,,2024-05-12 21:16:36,,,,,2531587.78513,1154297.10699,7771.705201740232
"Echandens, Chocolatière",8592244,AB_PROGNOSE,8592244,2024-05-12 06:22:52,2024-05-12 05:57:47,2024-05-12 06:54:13,,,,2024-05-12 07:07:30,2024-05-12 07:33:24,2024-05-12 07:22:50,,2024-05-12 07:32:50,2024-05-12 07:58:34,2024-05-12 07:49:37,2024-05-12 08:08:02,2024-05-12 07:54:45,,2024-05-12 08:16:27,2024-05-12 08:28:04,2024-05-12 08:02:50,2024-05-12 08:37:23,,2024-05-12 08:57:48,2024-05-12 08:47:50,2024-05-12 09:17:07,2024-05-12 08:37:50,2024-05-12 09:27:21,,2024-05-12 09:47:25,2024-05-12 09:17:50,,,2024-05-12 10:46:40,2024-05-12 10:07:34,,,,2024-05-12 11:01:49,2024-05-12 11:57:22,2024-05-12 11:28:59,2024-05-12 12:28:24,,2024-05-12 12:48:41,,,2024-05-12 12:38:12,,,2024-05-12 14:07:54,2024-05-12 13:28:17,2024-05-12 14:37:16,2024-05-12 13:58:45,2024-05-12 15:07:44,2024-05-12 14:27:50,2024-05-12 15:27:20,,2024-05-12 15:47:14,2024-05-12 15:19:25,2024-05-12 16:17:44,2024-05-12 15:49:19,,2024-05-12 16:11:42,2024-05-12 16:58:00,2024-05-12 16:31:08,2024-05-12 17:28:09,2024-05-12 16:59:02,2024-05-12 17:48:39,2024-05-12 17:19:05,,2024-05-12 17:45:04,2024-05-12 18:22:33,2024-05-12 17:53:12,,,2024-05-12 18:56:15,2024-05-12 18:28:05,2024-05-12 19:17:30,,2024-05-12 19:27:23,2024-05-12 19:03:16,2024-05-12 19:47:04,2024-05-12 19:17:04,2024-05-12 20:10:02,,2024-05-12 20:40:49,2024-05-12 20:17:11,,2024-05-12 21:16:49,,2024-05-12 22:15:50,,,2531587.78513,1154297.10699,7771.705201740232
"Echandens, Riaz",8592243,AN_PROGNOSE,8592243,2024-05-12 06:23:42,2024-05-12 05:57:00,2024-05-12 06:55:20,,,,2024-05-12 07:06:09,2024-05-12 07:34:16,,,2024-05-12 07:31:39,2024-05-12 07:59:48,2024-05-12 07:47:14,2024-05-12 08:09:18,2024-05-12 07:52:18,,2024-05-12 08:15:09,2024-05-12 08:28:38,2024-05-12 08:01:39,2024-05-12 08:38:11,,2024-05-12 08:58:35,2024-05-12 08:46:58,2024-05-12 09:18:21,2024-05-12 08:36:39,2024-05-12 09:28:30,,2024-05-12 09:47:58,,,,2024-05-12 10:47:45,2024-05-12 10:05:50,,,,2024-05-12 11:00:20,2024-05-12 11:58:16,2024-05-12 11:27:42,2024-05-12 12:29:40,,2024-05-12 12:49:58,,,2024-05-12 12:36:53,,,2024-05-12 14:09:08,2024-05-12 13:27:01,2024-05-12 14:38:33,2024-05-12 13:57:15,2024-05-12 15:09:03,2024-05-12 14:26:31,2024-05-12 15:28:37,,2024-05-12 15:48:26,2024-05-12 15:18:13,2024-05-12 16:18:21,2024-05-12 15:47:57,,2024-05-12 16:10:32,2024-05-12 16:59:14,,2024-05-12 17:29:20,2024-05-12 16:57:45,2024-05-12 17:49:40,2024-05-12 17:17:57,,2024-05-12 17:43:41,2024-05-12 18:23:42,2024-05-12 17:51:54,,,2024-05-12 18:57:16,2024-05-12 18:27:00,2024-05-12 19:18:37,,2024-05-12 19:28:42,2024-05-12 19:01:55,2024-05-12 19:48:30,2024-05-12 19:15:42,2024-05-12 20:11:13,,2024-05-12 20:41:56,2024-05-12 20:15:48,,2024-05-12 21:15:26,,,,,2531227.4023,1154311.99642,7411.014920079435
"Echandens, Riaz",8592243,AB_PROGNOSE,8592243,2024-05-12 06:23:47,2024-05-12 05:57:05,2024-05-12 06:55:25,,,,2024-05-12 07:06:14,2024-05-12 07:34:21,,,2024-05-12 07:31:39,2024-05-12 07:59:48,2024-05-12 07:47:19,2024-05-12 08:09:18,2024-05-12 07:52:18,,2024-05-12 08:15:14,2024-05-12 08:28:38,2024-05-12 08:01:39,2024-05-12 08:38:16,,2024-05-12 08:58:40,2024-05-12 08:46:58,2024-05-12 09:18:21,2024-05-12 08:36:39,2024-05-12 09:28:42,,2024-05-12 09:48:03,,,,2024-05-12 10:47:50,2024-05-12 10:05:55,,,2024-05-12 11:28:21,2024-05-12 11:00:25,2024-05-12 11:58:21,2024-05-12 11:27:47,2024-05-12 12:29:45,,2024-05-12 12:50:03,,,2024-05-12 12:36:58,,,2024-05-12 14:09:13,2024-05-12 13:27:06,2024-05-12 14:38:38,2024-05-12 13:57:20,2024-05-12 15:09:08,2024-05-12 14:26:36,2024-05-12 15:28:42,,2024-05-12 15:48:31,2024-05-12 15:18:18,2024-05-12 16:18:21,2024-05-12 15:48:02,,2024-05-12 16:10:37,2024-05-12 16:59:19,2024-05-12 16:26:39,2024-05-12 17:29:25,2024-05-12 16:57:50,2024-05-12 17:49:45,2024-05-12 17:18:02,,2024-05-12 17:43:46,2024-05-12 18:23:47,2024-05-12 17:51:59,,,2024-05-12 18:57:28,2024-05-12 18:27:05,2024-05-12 19:18:42,,2024-05-12 19:28:47,2024-05-12 19:02:00,2024-05-12 19:48:46,2024-05-12 19:15:56,2024-05-12 20:11:18,,2024-05-12 20:42:01,2024-05-12 20:15:53,,2024-05-12 21:15:34,,,,,2531227.4023,1154311.99642,7411.014920079435
"Echandens, centre",8588875,AN_PROGNOSE,8588875,2024-05-12 06:24:14,2024-05-12 05:53:07,2024-05-12 06:56:02,,2024-05-12 07:14:00,,2024-05-12 07:05:13,2024-05-12 07:35:13,,,2024-05-12 07:31:12,2024-05-12 08:00:27,2024-05-12 07:45:46,2024-05-12 08:10:05,2024-05-12 07:51:26,,,2024-05-12 08:29:25,,2024-05-12 08:39:13,,2024-05-12 08:59:43,2024-05-12 08:46:17,2024-05-12 09:19:00,,2024-05-12 09:29:42,,2024-05-12 09:49:00,,,,2024-05-12 10:48:47,2024-05-12 10:04:58,,,2024-05-12 11:30:40,2024-05-12 10:59:24,2024-05-12 11:59:24,2024-05-12 11:26:51,2024-05-12 12:30:44,,2024-05-12 12:50:50,,,2024-05-12 12:35:19,,,2024-05-12 14:10:05,2024-05-12 13:25:45,2024-05-12 14:39:25,2024-05-12 13:56:40,2024-05-12 15:10:12,2024-05-12 14:25:20,2024-05-12 15:29:19,,2024-05-12 15:49:21,2024-05-12 15:17:37,2024-05-12 16:19:52,,,2024-05-12 16:09:07,2024-05-12 17:00:08,,2024-05-12 17:30:14,2024-05-12 16:56:49,2024-05-12 17:50:33,2024-05-12 17:17:10,,2024-05-12 17:42:46,2024-05-12 18:24:25,2024-05-12 17:51:21,,,2024-05-12 18:58:12,2024-05-12 18:26:29,2024-05-12 19:19:25,,2024-05-12 19:29:17,2024-05-12 19:01:16,2024-05-12 19:49:38,2024-05-12 19:14:55,2024-05-12 20:11:55,,2024-05-12 20:42:49,2024-05-12 20:14:53,,2024-05-12 21:14:25,,,,,2531142.0,1154096.0,6096.741968534157
"Echandens, centre",8588875,AB_PROGNOSE,8588875,2024-05-12 06:24:19,2024-05-12 05:56:15,2024-05-12 06:56:07,,2024-05-12 07:14:00,,2024-05-12 07:05:18,2024-05-12 07:35:18,,,2024-05-12 07:31:12,,2024-05-12 07:45:51,2024-05-12 08:10:05,2024-05-12 07:51:26,,,,2024-05-12 07:58:40,2024-05-12 08:39:18,,2024-05-12 08:59:48,2024-05-12 08:46:17,2024-05-12 09:19:00,2024-05-12 08:36:00,2024-05-12 09:29:47,,2024-05-12 09:49:00,,,,2024-05-12 10:48:52,2024-05-12 10:05:03,,,2024-05-12 11:30:45,2024-05-12 10:59:29,2024-05-12 11:59:29,2024-05-12 11:26:56,2024-05-12 12:30:49,,2024-05-12 12:50:55,,,2024-05-12 12:35:53,,,2024-05-12 14:10:10,2024-05-12 13:25:50,2024-05-12 14:39:30,2024-05-12 13:56:45,2024-05-12 15:10:17,2024-05-12 14:25:44,2024-05-12 15:29:24,,2024-05-12 15:49:26,2024-05-12 15:17:42,2024-05-12 16:19:57,2024-05-12 15:46:00,,2024-05-12 16:09:26,2024-05-12 17:00:13,,2024-05-12 17:30:19,2024-05-12 16:56:54,2024-05-12 17:50:38,2024-05-12 17:17:15,,2024-05-12 17:42:51,2024-05-12 18:24:30,2024-05-12 17:51:26,,,2024-05-12 18:58:49,2024-05-12 18:26:34,2024-05-12 19:19:30,,2024-05-12 19:29:22,2024-05-12 19:01:21,2024-05-12 19:49:51,2024-05-12 19:15:00,2024-05-12 20:12:00,,2024-05-12 20:42:54,2024-05-12 20:14:58,,2024-05-12 21:14:30,,,,,2531142.0,1154096.0,7178.747818883138
"Echandens, collège",8595213,AN_PROGNOSE,8595213,2024-05-12 06:25:02,2024-05-12 05:52:09,2024-05-12 06:56:41,,2024-05-12 07:14:50,,2024-05-12 07:04:11,2024-05-12 07:36:16,,,2024-05-12 07:30:22,,2024-05-12 07:44:24,2024-05-12 08:10:52,2024-05-12 07:50:36,,,,,2024-05-12 08:40:21,,2024-05-12 09:00:33,2024-05-12 08:45:18,2024-05-12 09:19:50,,2024-05-12 09:30:55,,2024-05-12 09:49:50,,,,2024-05-12 10:49:28,2024-05-12 10:03:56,,,2024-05-12 11:31:40,2024-05-12 10:58:13,2024-05-12 12:00:19,2024-05-12 11:25:40,2024-05-12 12:31:30,,2024-05-12 12:52:07,,,2024-05-12 12:34:21,,,2024-05-12 14:11:10,2024-05-12 13:24:57,2024-05-12 14:40:16,2024-05-12 13:55:32,2024-05-12 15:11:12,2024-05-12 14:24:26,2024-05-12 15:30:32,,2024-05-12 15:50:01,2024-05-12 15:16:28,2024-05-12 16:20:37,,,2024-05-12 16:08:11,2024-05-12 17:01:07,,2024-05-12 17:31:01,2024-05-12 16:55:45,2024-05-12 17:51:29,2024-05-12 17:16:14,,2024-05-12 17:41:29,2024-05-12 18:25:14,2024-05-12 17:50:33,,,2024-05-12 18:59:27,2024-05-12 18:25:20,2024-05-12 19:20:02,,2024-05-12 19:30:09,2024-05-12 19:00:35,2024-05-12 19:50:41,2024-05-12 19:14:15,2024-05-12 20:12:32,,2024-05-12 20:43:30,2024-05-12 20:13:53,,2024-05-12 21:13:36,,,,,2531135.13246,1153844.1333,5844.781658813579
"Echandens, collège",8595213,AB_PROGNOSE,8595213,2024-05-12 06:25:07,2024-05-12 05:52:14,2024-05-12 06:56:46,,2024-05-12 07:14:50,,2024-05-12 07:04:16,2024-05-12 07:36:21,,,2024-05-12 07:30:22,,2024-05-12 07:44:29,2024-05-12 08:10:52,2024-05-12 07:50:41,,,,,2024-05-12 08:40:26,,2024-05-12 09:00:38,2024-05-12 08:45:18,2024-05-12 09:19:50,,2024-05-12 09:31:00,,2024-05-12 09:49:50,,,,2024-05-12 10:49:33,2024-05-12 10:04:01,,,2024-05-12 11:31:45,2024-05-12 10:58:27,2024-05-12 12:00:24,2024-05-12 11:25:45,2024-05-12 12:31:35,,2024-05-12 12:52:12,,,2024-05-12 12:34:26,,,2024-05-12 14:11:15,2024-05-12 13:25:02,2024-05-12 14:40:21,2024-05-12 13:55:37,2024-05-12 15:11:17,2024-05-12 14:24:31,2024-05-12 15:30:37,,2024-05-12 15:50:06,2024-05-12 15:16:33,2024-05-12 16:20:42,,,2024-05-12 16:08:16,2024-05-12 17:01:12,,2024-05-12 17:31:06,2024-05-12 16:55:50,2024-05-12 17:51:34,2024-05-12 17:16:19,,2024-05-12 17:41:34,2024-05-12 18:25:19,2024-05-12 17:50:38,,,2024-05-12 18:59:32,2024-05-12 18:25:25,2024-05-12 19:20:07,,2024-05-12 19:30:14,2024-05-12 19:00:40,2024-05-12 19:50:54,2024-05-12 19:14:20,2024-05-12 20:12:37,,2024-05-12 20:43:35,2024-05-12 20:13:58,2024-05-12 21:42:45,2024-05-12 21:13:41,,,,,2531135.13246,1153844.1333,5844.781658813579
"Ecublens VD, Argand",8591944,AN_PROGNOSE,8591944,,2024-05-12 06:04:18,,2024-05-12 06:34:36,,2024-05-12 06:59:09,2024-05-12 07:16:26,,2024-05-12 07:33:39,,2024-05-12 07:42:38,,2024-05-12 07:58:42,,2024-05-12 08:04:04,,2024-05-12 08:25:24,,2024-05-12 08:12:47,,2024-05-12 08:38:42,,2024-05-12 08:57:45,,2024-05-12 08:47:38,,2024-05-12 09:13:31,,2024-05-12 09:29:32,,2024-05-12 09:48:49,,2024-05-12 10:16:18,,2024-05-12 10:48:26,,2024-05-12 11:13:12,,2024-05-12 11:38:08,,2024-05-12 12:10:37,,2024-05-12 12:37:19,,2024-05-12 12:46:54,,2024-05-12 13:20:02,,2024-05-12 13:37:53,,2024-05-12 14:08:19,,2024-05-12 14:37:11,,2024-05-12 15:08:05,,2024-05-12 15:27:20,,2024-05-12 15:57:41,,2024-05-12 16:21:53,,2024-05-12 16:40:12,,2024-05-12 17:08:46,,2024-05-12 17:28:16,,2024-05-12 17:54:51,,2024-05-12 18:02:53,,2024-05-12 18:18:07,,2024-05-12 18:36:03,,2024-05-12 19:01:16,,2024-05-12 19:13:08,,2024-05-12 19:25:38,,2024-05-12 19:55:58,,2024-05-12 20:24:53,,2024-05-12 21:24:31,,2024-05-12 22:24:20,,2024-05-12 23:25:42,2533488.0,1152483.0,11040.785247371052
"Ecublens VD, Argand",8591944,AB_PROGNOSE,8591944,,2024-05-12 06:04:23,,2024-05-12 06:34:41,,2024-05-12 06:59:09,2024-05-12 07:16:26,,2024-05-12 07:33:39,,2024-05-12 07:42:38,,2024-05-12 07:58:42,,2024-05-12 08:04:04,,2024-05-12 08:25:24,,2024-05-12 08:12:47,,2024-05-12 08:38:42,,2024-05-12 08:57:45,,2024-05-12 08:47:38,,2024-05-12 09:13:31,,2024-05-12 09:29:32,,2024-05-12 09:48:49,,2024-05-12 10:16:23,,2024-05-12 10:48:31,,2024-05-12 11:13:17,,2024-05-12 11:38:13,,2024-05-12 12:10:42,,2024-05-12 12:37:24,,2024-05-12 12:46:59,,2024-05-12 13:20:02,,2024-05-12 13:37:58,,2024-05-12 14:08:24,,2024-05-12 14:37:16,,2024-05-12 15:08:10,,2024-05-12 15:27:25,,2024-05-12 15:57:46,,2024-05-12 16:21:58,,2024-05-12 16:40:17,,2024-05-12 17:08:46,,2024-05-12 17:28:16,,2024-05-12 17:54:51,,2024-05-12 18:02:53,,2024-05-12 18:18:07,,2024-05-12 18:36:08,,2024-05-12 19:01:21,,2024-05-12 19:13:08,,2024-05-12 19:25:43,,2024-05-12 19:56:03,,2024-05-12 20:24:58,,2024-05-12 21:24:36,,2024-05-12 22:25:38,,2024-05-12 23:25:47,2533488.0,1152483.0,11040.785247371052
"Ecublens VD, Cocarde",8591946,AN_PROGNOSE,8591946,,2024-05-12 06:00:22,,2024-05-12 06:30:04,,2024-05-12 06:50:36,2024-05-12 07:11:57,,2024-05-12 07:28:37,,2024-05-12 07:37:38,,2024-05-12 07:53:47,,2024-05-12 07:57:36,,2024-05-12 08:20:12,,2024-05-12 08:07:36,,2024-05-12 08:33:38,,2024-05-12 08:53:10,,2024-05-12 08:42:24,,,,2024-05-12 09:23:57,,2024-05-12 09:43:34,,2024-05-12 10:11:52,,,,2024-05-12 11:06:27,,2024-05-12 11:32:48,,2024-05-12 12:05:38,,,,2024-05-12 12:42:03,,,,2024-05-12 13:33:02,,2024-05-12 14:03:05,,2024-05-12 14:32:11,,,,2024-05-12 15:22:40,,2024-05-12 15:52:40,,2024-05-12 16:15:32,,2024-05-12 16:35:05,,2024-05-12 17:03:18,,2024-05-12 17:23:24,,2024-05-12 17:49:42,,2024-05-12 17:57:51,,2024-05-12 18:12:36,,2024-05-12 18:31:47,,,,2024-05-12 19:07:53,,2024-05-12 19:21:12,,2024-05-12 19:52:00,,2024-05-12 20:20:31,,2024-05-12 21:19:58,,2024-05-12 22:19:24,,,2532620.0,1153341.0,9657.631774362055
"Ecublens VD, Cocarde",8591946,AB_PROGNOSE,8591946,,2024-05-12 06:00:27,,2024-05-12 06:30:09,,2024-05-12 06:50:36,2024-05-12 07:11:57,,2024-05-12 07:28:37,,2024-05-12 07:37:43,,2024-05-12 07:53:47,,2024-05-12 07:57:36,,2024-05-12 08:20:12,,2024-05-12 08:07:36,,2024-05-12 08:33:43,,2024-05-12 08:53:10,,2024-05-12 08:42:29,,,,2024-05-12 09:24:12,,2024-05-12 09:43:39,,2024-05-12 10:11:57,,,,2024-05-12 11:06:51,,2024-05-12 11:32:53,,2024-05-12 12:05:43,,,,2024-05-12 12:42:08,,,,2024-05-12 13:33:07,,2024-05-12 14:03:10,,2024-05-12 14:32:16,,,,2024-05-12 15:22:45,,2024-05-12 15:52:45,,2024-05-12 16:15:32,,2024-05-12 16:35:10,,2024-05-12 17:03:23,,2024-05-12 17:23:29,,2024-05-12 17:49:47,,2024-05-12 17:57:51,,2024-05-12 18:12:36,,2024-05-12 18:31:52,,,,2024-05-12 19:07:58,,2024-05-12 19:21:17,,2024-05-12 19:52:05,,2024-05-12 20:20:36,,2024-05-12 21:20:03,,2024-05-12 22:19:29,,,2532620.0,1153341.0,9657.631774362055
"Ecublens VD, Coquerellaz",8591947,AN_PROGNOSE,8591947,,2024-05-12 06:01:41,,2024-05-12 06:31:39,,2024-05-12 06:55:35,2024-05-12 07:12:48,,2024-05-12 07:30:06,,2024-05-12 07:39:05,,2024-05-12 07:55:09,,2024-05-12 08:00:21,,2024-05-12 08:21:51,,2024-05-12 08:09:05,,2024-05-12 08:35:04,,2024-05-12 08:54:40,,2024-05-12 08:43:58,,2024-05-12 09:09:48,,2024-05-12 09:25:59,,2024-05-12 09:45:11,,2024-05-12 10:13:04,,,,2024-05-12 11:09:12,,2024-05-12 11:34:45,,2024-05-12 12:07:02,,,,2024-05-12 12:43:27,,2024-05-12 13:16:35,,2024-05-12 13:34:30,,2024-05-12 14:04:42,,2024-05-12 14:33:34,,,,2024-05-12 15:24:06,,2024-05-12 15:54:00,,2024-05-12 16:18:10,,2024-05-12 16:36:44,,2024-05-12 17:05:01,,2024-05-12 17:24:49,,2024-05-12 17:51:13,,2024-05-12 17:59:20,,2024-05-12 18:14:44,,2024-05-12 18:33:08,,,,2024-05-12 19:09:28,,2024-05-12 19:22:35,,2024-05-12 19:53:13,,2024-05-12 20:21:52,,2024-05-12 21:21:22,,2024-05-12 22:21:02,,,2532646.40257,1152941.46273,10082.197456162867
"Ecublens VD, Coquerellaz",8591947,AB_PROGNOSE,8591947,,2024-05-12 06:01:46,,2024-05-12 06:31:44,,2024-05-12 06:55:40,2024-05-12 07:12:53,,2024-05-12 07:30:06,,2024-05-12 07:39:05,,2024-05-12 07:55:09,,2024-05-12 08:00:26,,2024-05-12 08:21:51,,2024-05-12 08:09:05,,2024-05-12 08:35:09,,2024-05-12 08:54:40,,2024-05-12 08:43:58,,2024-05-12 09:09:53,,2024-05-12 09:25:59,,2024-05-12 09:45:16,,2024-05-12 10:13:09,,,,2024-05-12 11:09:17,,2024-05-12 11:34:50,,2024-05-12 12:07:07,,,,2024-05-12 12:43:32,,2024-05-12 13:16:40,,2024-05-12 13:34:35,,2024-05-12 14:04:47,,2024-05-12 14:33:39,,,,2024-05-12 15:24:11,,2024-05-12 15:54:05,,2024-05-12 16:18:15,,2024-05-12 16:36:49,,2024-05-12 17:05:06,,2024-05-12 17:24:54,,2024-05-12 17:51:18,,2024-05-12 17:59:20,,2024-05-12 18:14:49,,2024-05-12 18:33:13,,2024-05-12 18:54:05,,2024-05-12 19:09:33,,2024-05-12 19:22:40,,2024-05-12 19:53:18,,2024-05-12 20:21:57,,2024-05-12 21:21:27,,2024-05-12 22:21:07,,,2532646.40257,1152941.46273,10082.197456162867
"Ecublens VD, EPFL (bus)",8579233,AN_PROGNOSE,8579233,2024-05-12 06:15:38,2024-05-12 06:03:27,2024-05-12 06:45:11,2024-05-12 06:33:29,,2024-05-12 06:57:41,2024-05-12 07:15:03,2024-05-12 07:25:01,2024-05-12 07:32:16,,2024-05-12 07:41:15,2024-05-12 07:49:47,2024-05-12 07:57:19,2024-05-12 08:00:59,2024-05-12 08:02:41,,2024-05-12 08:24:01,2024-05-12 08:17:55,2024-05-12 08:11:24,2024-05-12 08:30:34,2024-05-12 08:37:19,2024-05-12 08:47:55,2024-05-12 08:56:50,2024-05-12 09:07:55,2024-05-12 08:46:08,2024-05-12 09:18:21,2024-05-12 09:12:03,2024-05-12 09:38:52,2024-05-12 09:28:09,,2024-05-12 09:47:26,2024-05-12 10:38:38,2024-05-12 10:14:42,,,,2024-05-12 11:11:10,2024-05-12 11:48:29,2024-05-12 11:36:46,2024-05-12 12:19:46,2024-05-12 12:08:56,2024-05-12 12:40:09,,,2024-05-12 12:45:31,,2024-05-12 13:18:34,2024-05-12 13:58:25,2024-05-12 13:36:42,2024-05-12 14:28:31,2024-05-12 14:06:56,2024-05-12 14:58:57,2024-05-12 14:35:45,2024-05-12 15:18:36,,2024-05-12 15:37:55,2024-05-12 15:26:15,2024-05-12 16:08:14,2024-05-12 15:56:15,,2024-05-12 16:20:18,,2024-05-12 16:38:49,2024-05-12 17:18:24,2024-05-12 17:07:18,2024-05-12 17:39:37,2024-05-12 17:26:48,,2024-05-12 17:53:28,2024-05-12 18:13:20,2024-05-12 18:01:30,,2024-05-12 18:16:39,2024-05-12 18:48:37,2024-05-12 18:34:47,2024-05-12 19:08:28,2024-05-12 18:59:57,2024-05-12 19:18:17,2024-05-12 19:11:40,2024-05-12 19:38:44,2024-05-12 19:24:35,2024-05-12 20:02:30,2024-05-12 19:54:51,2024-05-12 20:31:44,2024-05-12 20:23:55,,2024-05-12 21:23:31,,2024-05-12 22:22:59,,,2533107.0,1152679.0,10612.32638120068
"Ecublens VD, EPFL (bus)",8579233,AB_PROGNOSE,8579233,2024-05-12 06:15:43,2024-05-12 06:03:32,2024-05-12 06:45:16,2024-05-12 06:33:34,,2024-05-12 06:57:46,2024-05-12 07:15:03,2024-05-12 07:25:29,2024-05-12 07:32:16,,2024-05-12 07:41:15,2024-05-12 07:51:00,2024-05-12 07:57:19,2024-05-12 08:00:59,2024-05-12 08:02:41,,2024-05-12 08:24:01,2024-05-12 08:17:55,2024-05-12 08:11:24,2024-05-12 08:30:39,2024-05-12 08:37:19,2024-05-12 08:47:55,2024-05-12 08:56:50,2024-05-12 09:07:55,2024-05-12 08:46:08,2024-05-12 09:18:26,2024-05-12 09:12:08,2024-05-12 09:40:04,2024-05-12 09:28:09,,2024-05-12 09:47:26,2024-05-12 10:38:43,2024-05-12 10:15:08,,2024-05-12 10:36:15,,2024-05-12 11:11:56,2024-05-12 11:48:34,2024-05-12 11:36:51,2024-05-12 12:19:51,2024-05-12 12:09:21,2024-05-12 12:40:14,2024-05-12 12:32:15,,2024-05-12 12:45:36,,2024-05-12 13:18:39,2024-05-12 13:58:30,2024-05-12 13:36:47,2024-05-12 14:28:36,2024-05-12 14:07:01,2024-05-12 14:59:02,2024-05-12 14:35:50,2024-05-12 15:18:41,2024-05-12 15:06:15,2024-05-12 15:37:55,2024-05-12 15:26:20,2024-05-12 16:08:37,2024-05-12 15:56:20,,2024-05-12 16:20:23,,2024-05-12 16:38:54,2024-05-12 17:18:29,2024-05-12 17:07:23,2024-05-12 17:39:42,2024-05-12 17:26:53,,2024-05-12 17:53:28,2024-05-12 18:13:20,2024-05-12 18:01:30,,2024-05-12 18:16:44,2024-05-12 18:48:42,2024-05-12 18:35:10,2024-05-12 19:09:06,2024-05-12 19:00:02,2024-05-12 19:18:22,2024-05-12 19:11:45,2024-05-12 19:38:49,2024-05-12 19:24:40,2024-05-12 20:02:35,2024-05-12 19:54:56,2024-05-12 20:32:12,2024-05-12 20:24:00,,2024-05-12 21:23:36,,2024-05-12 22:24:15,,2024-05-12 23:24:15,2533107.0,1152679.0,10612.32638120068
"Ecublens VD, EPFL Piccard",8579234,AN_PROGNOSE,8579234,,2024-05-12 06:05:25,,2024-05-12 06:36:03,,2024-05-12 07:00:31,2024-05-12 07:17:48,,2024-05-12 07:35:01,,2024-05-12 07:44:00,,2024-05-12 08:00:04,,2024-05-12 08:05:26,,2024-05-12 08:26:46,,2024-05-12 08:14:09,,2024-05-12 08:40:04,,2024-05-12 08:59:07,,2024-05-12 08:49:00,,2024-05-12 09:14:53,,2024-05-12 09:30:54,,2024-05-12 09:50:11,,2024-05-12 10:17:26,,2024-05-12 10:49:53,,2024-05-12 11:14:39,,2024-05-12 11:39:35,,2024-05-12 12:12:04,,2024-05-12 12:38:46,,2024-05-12 12:48:25,,2024-05-12 13:21:24,,2024-05-12 13:39:20,,2024-05-12 14:09:46,,2024-05-12 14:38:28,,2024-05-12 15:09:32,,2024-05-12 15:28:47,,2024-05-12 15:59:08,,2024-05-12 16:23:20,,2024-05-12 16:41:39,,2024-05-12 17:10:08,,2024-05-12 17:29:38,,2024-05-12 17:56:13,,2024-05-12 18:04:15,,2024-05-12 18:19:29,,2024-05-12 18:37:17,,2024-05-12 19:02:43,,2024-05-12 19:14:30,,2024-05-12 19:26:55,,2024-05-12 19:57:25,,2024-05-12 20:26:00,,2024-05-12 21:25:44,,2024-05-12 22:33:46,,2024-05-12 23:27:09,2533226.62602,1152482.70215,11302.15939707936
"Ecublens VD, EPFL Piccard",8579234,AB_PROGNOSE,8579234,2024-05-12 06:12:00,,2024-05-12 06:43:51,,,,,2024-05-12 07:24:18,,,,2024-05-12 07:48:51,,2024-05-12 08:00:04,,,,2024-05-12 08:17:00,,2024-05-12 08:29:16,,2024-05-12 08:47:00,,2024-05-12 09:07:00,,2024-05-12 09:17:13,,2024-05-12 09:37:31,,,,2024-05-12 10:37:17,,,,,,2024-05-12 11:47:11,,2024-05-12 12:17:00,,2024-05-12 12:37:00,,,,,,2024-05-12 13:56:56,,2024-05-12 14:27:19,,2024-05-12 14:57:21,,2024-05-12 15:17:10,,2024-05-12 15:35:58,,2024-05-12 16:07:19,,,,,,2024-05-12 17:17:15,,2024-05-12 17:38:21,,,,2024-05-12 18:12:25,,,,2024-05-12 18:47:21,,2024-05-12 19:07:19,,2024-05-12 19:17:27,,2024-05-12 19:37:42,,2024-05-12 20:01:13,,2024-05-12 20:30:32,,,,,,,,2533226.62602,1152482.70215,
"Ecublens VD, En Enjalin",8591949,AN_PROGNOSE,8591949,2024-05-12 06:17:57,,2024-05-12 06:48:05,,,,,2024-05-12 07:27:51,,,,2024-05-12 07:52:30,,2024-05-12 08:03:41,,,,2024-05-12 08:21:09,,2024-05-12 08:32:59,,2024-05-12 08:52:11,,2024-05-12 09:11:09,,2024-05-12 09:21:20,,2024-05-12 09:42:13,,,,2024-05-12 10:41:48,,,,,,2024-05-12 11:51:31,,2024-05-12 12:23:18,,2024-05-12 12:43:09,,,,,,2024-05-12 14:01:50,,2024-05-12 14:31:26,,2024-05-12 15:01:40,,2024-05-12 15:21:58,,2024-05-12 15:41:45,,2024-05-12 16:11:49,,,,,,2024-05-12 17:21:53,,2024-05-12 17:42:33,,,,2024-05-12 18:16:31,,,,2024-05-12 18:51:28,,2024-05-12 19:12:06,,2024-05-12 19:21:23,,2024-05-12 19:41:58,,2024-05-12 20:05:35,,2024-05-12 20:35:12,,,,,,,,2532358.0,1152927.0,
"Ecublens VD, En Enjalin",8591949,AB_PROGNOSE,8591949,2024-05-12 06:18:02,,2024-05-12 06:48:10,,,,,2024-05-12 07:27:56,,,,2024-05-12 07:52:30,,2024-05-12 08:03:41,,,,2024-05-12 08:21:09,,2024-05-12 08:33:04,,2024-05-12 08:52:16,,2024-05-12 09:11:09,,2024-05-12 09:21:25,,2024-05-12 09:42:18,,,,2024-05-12 10:41:53,,,,,,2024-05-12 11:51:36,,2024-05-12 12:23:23,,2024-05-12 12:43:14,,,,,,2024-05-12 14:01:55,,2024-05-12 14:31:31,,2024-05-12 15:01:45,,2024-05-12 15:22:03,,2024-05-12 15:41:50,,2024-05-12 16:11:54,,,,,,2024-05-12 17:21:58,,2024-05-12 17:42:38,,,,2024-05-12 18:16:36,,,,2024-05-12 18:51:33,,2024-05-12 19:12:11,,2024-05-12 19:21:28,,2024-05-12 19:42:03,,2024-05-12 20:05:40,,2024-05-12 20:35:17,,,,,,,,2532358.0,1152927.0,
"Ecublens VD, Larges Pièces",8592248,AN_PROGNOSE,8592248,2024-05-12 06:20:54,2024-05-12 05:59:04,2024-05-12 06:51:57,,,,2024-05-12 07:09:17,2024-05-12 07:31:04,2024-05-12 07:26:29,,2024-05-12 07:35:28,2024-05-12 07:55:49,2024-05-12 07:51:06,2024-05-12 08:06:34,2024-05-12 07:56:24,,2024-05-12 08:18:04,2024-05-12 08:25:24,2024-05-12 08:05:53,2024-05-12 08:35:26,,2024-05-12 08:54:27,2024-05-12 08:51:29,2024-05-12 09:14:27,2024-05-12 08:40:33,2024-05-12 09:24:48,,2024-05-12 09:45:17,2024-05-12 09:21:36,,,2024-05-12 10:44:33,2024-05-12 10:09:12,,,,2024-05-12 11:04:07,2024-05-12 11:54:27,2024-05-12 11:30:35,2024-05-12 12:26:17,,2024-05-12 12:46:25,,,2024-05-12 12:40:08,,,2024-05-12 14:05:02,2024-05-12 13:30:40,2024-05-12 14:34:50,2024-05-12 14:00:42,2024-05-12 15:05:23,2024-05-12 14:29:37,2024-05-12 15:25:11,,2024-05-12 15:44:41,2024-05-12 15:20:54,2024-05-12 16:15:07,2024-05-12 15:50:54,,2024-05-12 16:13:42,2024-05-12 16:55:47,2024-05-12 16:33:09,2024-05-12 17:25:52,2024-05-12 17:01:09,2024-05-12 17:46:02,2024-05-12 17:21:12,,2024-05-12 17:47:34,2024-05-12 18:19:44,2024-05-12 17:55:43,,,2024-05-12 18:54:09,2024-05-12 18:30:01,2024-05-12 19:15:26,,2024-05-12 19:24:44,2024-05-12 19:05:44,2024-05-12 19:45:01,2024-05-12 19:19:04,2024-05-12 20:08:07,,2024-05-12 20:38:37,2024-05-12 20:19:01,,2024-05-12 21:18:28,,2024-05-12 22:17:57,,,2532232.11857,1153795.57806,8588.220265611595
"Ecublens VD, Larges Pièces",8592248,AB_PROGNOSE,8592248,2024-05-12 06:20:59,2024-05-12 05:59:09,2024-05-12 06:52:02,,,,2024-05-12 07:09:22,2024-05-12 07:31:09,2024-05-12 07:26:34,,2024-05-12 07:35:33,2024-05-12 07:55:54,2024-05-12 07:51:11,2024-05-12 08:06:34,2024-05-12 07:56:29,,2024-05-12 08:18:09,2024-05-12 08:25:24,2024-05-12 08:05:58,2024-05-12 08:35:31,,2024-05-12 08:54:27,2024-05-12 08:51:29,2024-05-12 09:14:27,2024-05-12 08:40:33,2024-05-12 09:24:53,,2024-05-12 09:45:22,2024-05-12 09:21:41,,,2024-05-12 10:44:38,2024-05-12 10:09:17,,,,2024-05-12 11:04:12,2024-05-12 11:54:27,2024-05-12 11:30:40,2024-05-12 12:26:22,2024-05-12 12:00:33,2024-05-12 12:46:30,,,2024-05-12 12:40:13,,,2024-05-12 14:05:07,2024-05-12 13:30:45,2024-05-12 14:34:55,2024-05-12 14:00:47,2024-05-12 15:05:28,2024-05-12 14:30:04,2024-05-12 15:25:16,,2024-05-12 15:44:46,2024-05-12 15:20:59,2024-05-12 16:15:07,2024-05-12 15:50:59,,2024-05-12 16:13:47,2024-05-12 16:55:52,2024-05-12 16:33:14,2024-05-12 17:25:57,2024-05-12 17:01:14,2024-05-12 17:46:07,2024-05-12 17:21:17,,2024-05-12 17:47:39,2024-05-12 18:19:49,2024-05-12 17:55:48,,,2024-05-12 18:54:14,2024-05-12 18:30:06,2024-05-12 19:15:31,,2024-05-12 19:24:49,2024-05-12 19:05:49,2024-05-12 19:45:06,2024-05-12 19:19:09,2024-05-12 20:08:12,2024-05-12 19:48:33,2024-05-12 20:38:42,2024-05-12 20:19:06,,2024-05-12 21:18:33,,2024-05-12 22:18:02,,,2532232.11857,1153795.57806,8588.220265611595
"Ecublens VD, Motty",8591951,AN_PROGNOSE,8591951,,2024-05-12 06:01:05,,2024-05-12 06:31:26,,2024-05-12 06:55:06,2024-05-12 07:12:16,,2024-05-12 07:29:27,,2024-05-12 07:38:36,,2024-05-12 07:54:30,,2024-05-12 07:59:40,,2024-05-12 08:21:11,,2024-05-12 08:08:26,,2024-05-12 08:34:23,,2024-05-12 08:54:00,,2024-05-12 08:43:19,,2024-05-12 09:08:26,,2024-05-12 09:25:15,,2024-05-12 09:44:21,,2024-05-12 10:12:31,,,,2024-05-12 11:07:56,,2024-05-12 11:33:48,,2024-05-12 12:06:22,,,,2024-05-12 12:42:46,,2024-05-12 13:15:54,,2024-05-12 13:33:48,,2024-05-12 14:03:58,,2024-05-12 14:32:53,,,,2024-05-12 15:23:26,,2024-05-12 15:53:21,,2024-05-12 16:17:08,,2024-05-12 16:35:51,,2024-05-12 17:03:26,,2024-05-12 17:24:05,,2024-05-12 17:50:33,,2024-05-12 17:58:41,,2024-05-12 18:13:45,,2024-05-12 18:32:31,,,,2024-05-12 19:08:49,,2024-05-12 19:21:54,,2024-05-12 19:52:41,,2024-05-12 20:21:16,,2024-05-12 21:20:42,,2024-05-12 22:20:09,,,2532705.0,1153108.0,9905.651934832933
"Ecublens VD, Motty",8591951,AB_PROGNOSE,8591951,,2024-05-12 06:01:10,,2024-05-12 06:31:26,,2024-05-12 06:55:06,2024-05-12 07:12:21,,2024-05-12 07:29:27,,2024-05-12 07:38:41,,2024-05-12 07:54:30,,2024-05-12 07:59:45,,2024-05-12 08:21:11,,2024-05-12 08:08:26,,2024-05-12 08:34:28,,2024-05-12 08:54:00,,2024-05-12 08:43:19,,2024-05-12 09:08:26,,2024-05-12 09:25:20,,2024-05-12 09:44:26,,2024-05-12 10:12:36,,,,2024-05-12 11:08:01,,2024-05-12 11:33:53,,2024-05-12 12:06:27,,,,2024-05-12 12:42:51,,2024-05-12 13:15:59,,2024-05-12 13:33:53,,2024-05-12 14:04:03,,2024-05-12 14:32:58,,,,2024-05-12 15:23:31,,2024-05-12 15:53:26,,2024-05-12 16:17:13,,2024-05-12 16:35:56,,2024-05-12 17:03:26,,2024-05-12 17:24:10,,2024-05-12 17:50:38,,2024-05-12 17:58:41,,2024-05-12 18:13:50,,2024-05-12 18:32:36,,,,2024-05-12 19:08:54,,2024-05-12 19:21:59,,2024-05-12 19:52:46,,2024-05-12 20:21:21,,2024-05-12 21:20:47,,2024-05-12 22:20:14,,,2532705.0,1153108.0,9905.651934832933
"Ecublens VD, Ormet",8591952,AN_PROGNOSE,8591952,2024-05-12 06:17:20,,2024-05-12 06:47:02,,,,,2024-05-12 07:27:14,,,,2024-05-12 07:51:40,,2024-05-12 08:02:51,,,,2024-05-12 08:20:19,,2024-05-12 08:32:24,,2024-05-12 08:50:19,,2024-05-12 09:10:19,,2024-05-12 09:20:37,,2024-05-12 09:41:23,,,,2024-05-12 10:40:35,,,,,,2024-05-12 11:50:33,,2024-05-12 12:22:03,,2024-05-12 12:42:22,,,,,,2024-05-12 14:00:56,,2024-05-12 14:30:38,,2024-05-12 15:00:53,,2024-05-12 15:21:06,,2024-05-12 15:40:46,,2024-05-12 16:10:38,,,,,,2024-05-12 17:20:55,,2024-05-12 17:41:42,,,,2024-05-12 18:15:44,,,,2024-05-12 18:50:37,,2024-05-12 19:11:03,,2024-05-12 19:20:30,,2024-05-12 19:40:45,,2024-05-12 20:04:34,,2024-05-12 20:34:08,,,,,,,,2532495.0,1152858.0,
"Ecublens VD, Ormet",8591952,AB_PROGNOSE,8591952,2024-05-12 06:17:25,,2024-05-12 06:47:07,,,,,2024-05-12 07:27:19,,,,2024-05-12 07:51:40,,2024-05-12 08:02:51,,,,2024-05-12 08:20:19,,2024-05-12 08:32:29,,2024-05-12 08:50:19,,2024-05-12 09:10:19,,2024-05-12 09:20:42,,2024-05-12 09:41:28,,,,2024-05-12 10:40:40,,,,,,2024-05-12 11:50:38,,2024-05-12 12:22:08,,2024-05-12 12:42:27,,,,,,2024-05-12 14:01:01,,2024-05-12 14:30:43,,2024-05-12 15:00:58,,2024-05-12 15:21:11,,2024-05-12 15:40:51,,2024-05-12 16:10:43,,,,,,2024-05-12 17:21:00,,2024-05-12 17:41:47,,,,2024-05-12 18:15:44,,,,2024-05-12 18:50:42,,2024-05-12 19:11:08,,2024-05-12 19:20:35,,2024-05-12 19:41:17,,2024-05-12 20:04:39,,2024-05-12 20:34:13,,,,,,,,2532495.0,1152858.0,
"Ecublens VD, Perrettes",8591954,AN_PROGNOSE,8591954,2024-05-12 06:18:22,,2024-05-12 06:48:53,,,,,2024-05-12 07:28:16,,,,2024-05-12 07:52:56,,2024-05-12 08:04:05,,,,2024-05-12 08:22:21,,2024-05-12 08:33:18,,2024-05-12 08:52:42,,2024-05-12 09:11:46,,2024-05-12 09:21:47,,2024-05-12 09:42:41,,,,2024-05-12 10:42:14,,,,,,2024-05-12 11:51:58,,2024-05-12 12:23:44,,2024-05-12 12:43:30,,,,,,2024-05-12 14:02:35,,2024-05-12 14:32:00,,2024-05-12 15:02:22,,2024-05-12 15:22:39,,2024-05-12 15:42:14,,2024-05-12 16:12:17,,,,,,2024-05-12 17:22:21,,2024-05-12 17:43:16,,,,2024-05-12 18:17:13,,,,2024-05-12 18:51:51,,2024-05-12 19:12:51,,2024-05-12 19:22:00,,2024-05-12 19:42:41,,2024-05-12 20:06:00,,2024-05-12 20:35:42,,,,,,,,2532466.0,1153147.0,
"Ecublens VD, Perrettes",8591954,AB_PROGNOSE,8591954,2024-05-12 06:18:27,,2024-05-12 06:48:58,,,,,2024-05-12 07:28:21,,,,2024-05-12 07:52:56,,2024-05-12 08:04:05,,,,2024-05-12 08:22:21,,2024-05-12 08:33:23,,2024-05-12 08:52:47,,2024-05-12 09:11:46,,2024-05-12 09:21:52,,2024-05-12 09:42:46,,,,2024-05-12 10:42:19,,,,,,2024-05-12 11:52:03,,2024-05-12 12:23:49,,2024-05-12 12:43:35,,,,,,2024-05-12 14:02:40,,2024-05-12 14:32:05,,2024-05-12 15:02:27,,2024-05-12 15:22:44,,2024-05-12 15:42:19,,2024-05-12 16:12:22,,,,,,2024-05-12 17:22:26,,2024-05-12 17:43:21,,,,2024-05-12 18:17:13,,,,2024-05-12 18:51:56,,2024-05-12 19:12:56,,2024-05-12 19:22:05,,2024-05-12 19:42:46,,2024-05-12 20:06:05,,2024-05-12 20:35:47,,,,,,,,2532466.0,1153147.0,
"Ecublens VD, Villars",8591961,AN_PROGNOSE,8591961,2024-05-12 06:19:28,2024-05-12 06:00:01,2024-05-12 06:50:01,,,,2024-05-12 07:11:27,2024-05-12 07:29:00,2024-05-12 07:28:07,,2024-05-12 07:37:37,2024-05-12 07:54:00,2024-05-12 07:53:17,2024-05-12 08:04:55,2024-05-12 07:57:06,,2024-05-12 08:19:42,2024-05-12 08:23:45,2024-05-12 08:07:06,2024-05-12 08:33:54,,2024-05-12 08:52:48,2024-05-12 08:52:44,2024-05-12 09:12:48,2024-05-12 08:41:42,2024-05-12 09:22:48,,2024-05-12 09:43:32,2024-05-12 09:23:11,,,2024-05-12 10:42:59,2024-05-12 10:11:06,,,,2024-05-12 11:05:49,2024-05-12 11:52:48,2024-05-12 11:31:57,2024-05-12 12:24:53,2024-05-12 12:04:43,2024-05-12 12:44:33,,,2024-05-12 12:41:20,,,2024-05-12 14:03:39,2024-05-12 13:32:28,2024-05-12 14:33:08,2024-05-12 14:02:22,2024-05-12 15:03:38,2024-05-12 14:31:43,2024-05-12 15:23:47,,2024-05-12 15:43:17,2024-05-12 15:22:07,2024-05-12 16:13:27,2024-05-12 15:52:01,,2024-05-12 16:15:02,2024-05-12 16:52:48,2024-05-12 16:34:37,2024-05-12 17:23:36,2024-05-12 17:02:37,2024-05-12 17:44:15,2024-05-12 17:22:30,,2024-05-12 17:49:14,2024-05-12 18:18:02,2024-05-12 17:57:21,,,2024-05-12 18:52:52,2024-05-12 18:31:13,2024-05-12 19:14:04,,2024-05-12 19:22:58,2024-05-12 19:07:16,2024-05-12 19:43:46,2024-05-12 19:20:47,2024-05-12 20:06:59,2024-05-12 19:51:25,2024-05-12 20:36:53,2024-05-12 20:20:10,,2024-05-12 21:19:32,,2024-05-12 22:18:59,,,2532675.0,1153514.0,9476.09940810193
"Ecublens VD, Villars",8591961,AB_PROGNOSE,8591961,2024-05-12 06:19:33,2024-05-12 06:00:06,2024-05-12 06:50:06,,,,2024-05-12 07:11:27,2024-05-12 07:29:05,2024-05-12 07:28:07,,2024-05-12 07:37:37,2024-05-12 07:54:05,2024-05-12 07:53:17,2024-05-12 08:04:55,2024-05-12 07:57:06,,2024-05-12 08:19:42,2024-05-12 08:23:45,2024-05-12 08:07:06,2024-05-12 08:33:59,,2024-05-12 08:52:48,2024-05-12 08:52:44,2024-05-12 09:12:48,2024-05-12 08:41:47,2024-05-12 09:23:07,,2024-05-12 09:43:37,2024-05-12 09:23:16,,2024-05-12 09:42:06,2024-05-12 10:43:04,2024-05-12 10:11:11,,,,2024-05-12 11:05:54,2024-05-12 11:52:48,2024-05-12 11:32:18,2024-05-12 12:24:58,2024-05-12 12:04:48,2024-05-12 12:44:38,,,2024-05-12 12:41:25,,,2024-05-12 14:03:44,2024-05-12 13:32:33,2024-05-12 14:33:13,2024-05-12 14:02:27,2024-05-12 15:03:43,2024-05-12 14:31:48,2024-05-12 15:23:52,,2024-05-12 15:43:22,2024-05-12 15:22:12,2024-05-12 16:13:32,2024-05-12 15:52:06,,2024-05-12 16:15:02,2024-05-12 16:52:48,2024-05-12 16:34:42,2024-05-12 17:23:41,2024-05-12 17:02:42,2024-05-12 17:44:20,2024-05-12 17:22:35,,2024-05-12 17:49:19,2024-05-12 18:18:07,2024-05-12 17:57:21,,,2024-05-12 18:52:57,2024-05-12 18:31:18,2024-05-12 19:14:09,,2024-05-12 19:23:03,2024-05-12 19:07:21,2024-05-12 19:43:51,2024-05-12 19:20:52,2024-05-12 20:07:04,2024-05-12 19:51:30,2024-05-12 20:36:58,2024-05-12 20:20:15,,2024-05-12 21:19:37,,2024-05-12 22:19:04,,,2532675.0,1153514.0,9476.09940810193
"Lonay, collège nord",8595219,AN_PROGNOSE,8595219,,2024-05-12 05:42:50,,,,,2024-05-12 06:53:51,,,,2024-05-12 07:16:33,,2024-05-12 07:30:52,,2024-05-12 07:36:56,,,,,,,,2024-05-12 08:32:27,,,,,,,,,,2024-05-12 09:51:45,,,,2024-05-12 10:43:30,,,,,,,,2024-05-12 12:22:08,,,,2024-05-12 13:12:17,,2024-05-12 13:42:30,,2024-05-12 14:11:43,,,,2024-05-12 15:02:15,,,,2024-05-12 15:53:44,,,,,,2024-05-12 17:03:27,,2024-05-12 17:26:34,,2024-05-12 17:36:45,,,,2024-05-12 18:12:17,,,,2024-05-12 18:46:43,,2024-05-12 19:02:14,,,,2024-05-12 20:02:28,,2024-05-12 21:02:42,,,,,2529472.0,1153016.0,1660.8403404991864
"Lonay, collège nord",8595219,AB_PROGNOSE,8595219,,2024-05-12 05:42:55,,,,,2024-05-12 06:53:56,,,,2024-05-12 07:16:33,,2024-05-12 07:30:57,,2024-05-12 07:37:01,,,,,,,,2024-05-12 08:32:27,,,,,,,,,,2024-05-12 09:51:50,,,,2024-05-12 10:43:35,,,,,,,,2024-05-12 12:22:13,,,,2024-05-12 13:12:22,,2024-05-12 13:42:35,,2024-05-12 14:11:48,,,,2024-05-12 15:02:20,,,,2024-05-12 15:53:49,,,,,,2024-05-12 17:03:32,,2024-05-12 17:26:39,,2024-05-12 17:36:50,,,,2024-05-12 18:12:22,,,,2024-05-12 18:46:48,,2024-05-12 19:02:19,,,,2024-05-12 20:02:33,,2024-05-12 21:02:47,,,,,2529472.0,1153016.0,1660.8403404991864
"Lonay, collège sud",8595220,AN_PROGNOSE,8595220,2024-05-12 06:37:31,,2024-05-12 07:08:12,,2024-05-12 07:28:37,,,2024-05-12 07:50:00,,2024-05-12 08:05:10,,,,2024-05-12 08:24:04,,2024-05-12 08:34:43,,,,2024-05-12 08:52:39,,2024-05-12 09:12:56,,2024-05-12 09:35:03,,2024-05-12 09:44:23,,2024-05-12 10:03:37,,2024-05-12 10:34:35,,2024-05-12 11:02:05,,2024-05-12 11:25:11,,2024-05-12 11:44:07,,2024-05-12 12:15:41,,2024-05-12 12:44:02,,2024-05-12 13:04:33,,2024-05-12 13:22:12,,2024-05-12 13:54:21,,2024-05-12 14:23:37,,2024-05-12 14:55:07,,2024-05-12 15:24:37,,2024-05-12 15:45:07,,2024-05-12 16:04:00,,2024-05-12 16:34:45,,2024-05-12 16:56:14,,2024-05-12 17:14:12,,2024-05-12 17:43:51,,2024-05-12 18:03:45,,2024-05-12 18:24:46,,2024-05-12 18:38:49,,2024-05-12 18:52:56,,2024-05-12 19:13:37,,2024-05-12 19:31:24,,2024-05-12 19:43:55,,2024-05-12 20:02:46,,2024-05-12 20:23:55,,2024-05-12 20:54:44,,2024-05-12 21:55:03,,2024-05-12 22:56:29,,,,2529640.51501,1153013.18921,
"Lonay, collège sud",8595220,AB_PROGNOSE,8595220,2024-05-12 06:37:31,,2024-05-12 07:08:17,,2024-05-12 07:28:37,,,2024-05-12 07:50:05,,2024-05-12 08:05:15,,,,2024-05-12 08:24:04,,2024-05-12 08:34:43,,,,2024-05-12 08:52:44,,2024-05-12 09:13:01,,2024-05-12 09:35:03,,2024-05-12 09:44:28,,2024-05-12 10:03:37,,2024-05-12 10:36:36,,2024-05-12 11:02:10,,2024-05-12 11:25:16,,2024-05-12 11:44:12,,2024-05-12 12:15:46,,2024-05-12 12:44:07,,2024-05-12 13:04:38,,2024-05-12 13:22:17,,2024-05-12 13:54:26,,2024-05-12 14:23:37,,2024-05-12 14:55:12,,2024-05-12 15:24:42,,2024-05-12 15:45:12,,2024-05-12 16:04:05,,2024-05-12 16:34:50,,2024-05-12 16:56:19,,2024-05-12 17:14:17,,2024-05-12 17:43:51,,2024-05-12 18:03:45,,2024-05-12 18:24:51,,2024-05-12 18:38:54,,2024-05-12 18:52:56,,2024-05-12 19:13:42,,2024-05-12 19:31:29,,2024-05-12 19:44:00,,2024-05-12 20:02:51,,2024-05-12 20:24:00,,2024-05-12 20:54:49,,2024-05-12 21:55:08,,2024-05-12 22:56:34,,,,2529640.51501,1153013.18921,
"Lonay, gare",8595218,AN_PROGNOSE,8595218,2024-05-12 06:36:21,2024-05-12 05:43:41,2024-05-12 07:07:17,,2024-05-12 07:27:37,,2024-05-12 06:54:41,2024-05-12 07:48:52,,2024-05-12 08:03:58,2024-05-12 07:18:00,,2024-05-12 07:32:44,2024-05-12 08:23:04,2024-05-12 07:38:32,2024-05-12 08:33:43,,,,2024-05-12 08:51:48,,2024-05-12 09:11:52,2024-05-12 08:33:54,2024-05-12 09:34:03,,2024-05-12 09:42:48,,2024-05-12 10:02:37,,2024-05-12 10:32:37,,2024-05-12 11:00:21,2024-05-12 09:53:12,2024-05-12 11:23:42,,2024-05-12 11:42:49,2024-05-12 10:45:00,2024-05-12 12:14:11,,2024-05-12 12:43:06,,2024-05-12 13:03:26,,2024-05-12 13:21:03,2024-05-12 12:23:33,2024-05-12 13:53:23,,2024-05-12 14:22:37,2024-05-12 13:13:21,2024-05-12 14:53:38,2024-05-12 13:43:58,2024-05-12 15:23:15,2024-05-12 14:12:45,2024-05-12 15:43:19,,2024-05-12 16:03:03,2024-05-12 15:03:37,2024-05-12 16:33:27,,2024-05-12 16:54:51,2024-05-12 15:54:50,2024-05-12 17:12:56,,2024-05-12 17:42:51,,2024-05-12 18:02:45,2024-05-12 17:04:44,2024-05-12 18:23:38,2024-05-12 17:28:34,2024-05-12 18:38:05,2024-05-12 17:38:10,2024-05-12 18:51:56,,2024-05-12 19:12:27,2024-05-12 18:13:28,2024-05-12 19:30:25,,2024-05-12 19:42:49,2024-05-12 18:48:34,2024-05-12 20:01:43,2024-05-12 19:03:30,2024-05-12 20:22:39,,2024-05-12 20:53:53,2024-05-12 20:03:36,2024-05-12 21:54:10,2024-05-12 21:03:49,2024-05-12 22:55:37,,,,2529595.32548,1152839.54191,1876.1230187242074
"Lonay, gare",8595218,AB_PROGNOSE,8595218,2024-05-12 06:36:26,2024-05-12 05:43:46,2024-05-12 07:07:22,,2024-05-12 07:27:37,,2024-05-12 06:54:46,2024-05-12 07:48:57,,2024-05-12 08:04:03,2024-05-12 07:18:00,,2024-05-12 07:32:49,2024-05-12 08:23:04,2024-05-12 07:38:37,2024-05-12 08:33:43,,,,2024-05-12 08:51:53,,2024-05-12 09:11:57,2024-05-12 08:33:54,2024-05-12 09:34:03,,2024-05-12 09:42:53,,2024-05-12 10:02:37,,2024-05-12 10:33:24,,2024-05-12 11:00:26,2024-05-12 09:54:10,2024-05-12 11:23:47,,2024-05-12 11:42:54,2024-05-12 10:45:57,2024-05-12 12:14:16,,2024-05-12 12:43:11,,2024-05-12 13:03:31,,2024-05-12 13:21:08,2024-05-12 12:23:38,2024-05-12 13:53:28,,2024-05-12 14:22:37,2024-05-12 13:13:26,2024-05-12 14:53:43,2024-05-12 13:44:03,2024-05-12 15:23:20,2024-05-12 14:12:50,2024-05-12 15:43:24,,2024-05-12 16:03:08,2024-05-12 15:03:42,2024-05-12 16:33:32,,2024-05-12 16:54:56,2024-05-12 15:54:55,2024-05-12 17:13:01,,2024-05-12 17:42:51,,2024-05-12 18:02:45,2024-05-12 17:04:49,2024-05-12 18:23:43,2024-05-12 17:28:39,2024-05-12 18:38:10,2024-05-12 17:38:15,2024-05-12 18:51:56,,2024-05-12 19:12:32,2024-05-12 18:13:33,2024-05-12 19:30:30,,2024-05-12 19:42:54,2024-05-12 18:48:39,2024-05-12 20:01:48,2024-05-12 19:03:35,2024-05-12 20:22:44,,2024-05-12 20:53:58,2024-05-12 20:03:41,2024-05-12 21:54:15,2024-05-12 21:03:54,2024-05-12 22:55:42,,,,2529595.32548,1152839.54191,1876.1230187242074
"Lonay, parc",8592254,AN_PROGNOSE,8592254,2024-05-12 06:39:34,,2024-05-12 07:10:40,,2024-05-12 07:31:00,,,2024-05-12 07:52:19,,2024-05-12 08:07:38,,,,2024-05-12 08:26:27,,2024-05-12 08:37:06,,,,2024-05-12 08:56:00,,2024-05-12 09:15:15,,2024-05-12 09:37:26,,2024-05-12 09:46:46,,2024-05-12 10:08:45,,2024-05-12 10:39:04,,2024-05-12 11:04:26,,2024-05-12 11:28:05,,2024-05-12 11:46:40,,2024-05-12 12:18:29,,2024-05-12 12:46:44,,2024-05-12 13:07:08,,2024-05-12 13:25:02,,2024-05-12 13:58:22,,2024-05-12 14:26:00,,2024-05-12 14:57:38,,2024-05-12 15:27:23,,2024-05-12 15:48:01,,2024-05-12 16:06:55,,2024-05-12 16:37:37,,2024-05-12 16:59:04,,2024-05-12 17:16:40,,2024-05-12 17:46:14,,2024-05-12 18:06:08,,2024-05-12 18:27:17,,2024-05-12 18:41:29,,2024-05-12 18:55:19,,2024-05-12 19:16:08,,2024-05-12 19:33:51,,2024-05-12 19:46:17,,2024-05-12 20:05:23,,2024-05-12 20:26:28,,2024-05-12 20:57:16,,2024-05-12 21:57:37,,2024-05-12 22:58:52,,2024-05-12 23:58:50,,2529262.0,1153429.0,
"Lonay, parc",8592254,AB_PROGNOSE,8592254,,2024-05-12 05:41:31,,,,,2024-05-12 06:52:22,,,,2024-05-12 07:15:00,,2024-05-12 07:28:28,,2024-05-12 07:35:09,,,,,,,,2024-05-12 08:30:00,,,,,,,,,,2024-05-12 09:50:16,,,,2024-05-12 10:41:24,,,,,,,,2024-05-12 12:20:00,,,,2024-05-12 13:10:25,,2024-05-12 13:40:21,,2024-05-12 14:10:22,,,,2024-05-12 15:00:00,,,,2024-05-12 15:50:47,,,,,,2024-05-12 17:01:48,,2024-05-12 17:24:49,,2024-05-12 17:35:27,,,,2024-05-12 18:10:21,,,,2024-05-12 18:45:19,,2024-05-12 19:00:46,,,,2024-05-12 20:00:45,,2024-05-12 21:01:07,,,,,2529262.0,1153429.0,1062.082100656814
"Lonay, église",8592250,AN_PROGNOSE,8592250,2024-05-12 06:38:34,2024-05-12 05:42:31,2024-05-12 07:09:29,,2024-05-12 07:29:49,,2024-05-12 06:53:28,2024-05-12 07:51:22,,2024-05-12 08:06:27,2024-05-12 07:16:08,,2024-05-12 07:30:20,2024-05-12 08:25:16,2024-05-12 07:36:33,2024-05-12 08:35:55,,,,2024-05-12 08:53:54,,2024-05-12 09:13:59,2024-05-12 08:32:02,2024-05-12 09:36:15,,2024-05-12 09:45:30,,2024-05-12 10:07:34,,2024-05-12 10:37:48,,2024-05-12 11:03:13,2024-05-12 09:51:22,2024-05-12 11:26:49,,2024-05-12 11:45:24,2024-05-12 10:43:07,2024-05-12 12:17:13,,2024-05-12 12:45:28,,2024-05-12 13:05:52,,2024-05-12 13:23:23,2024-05-12 12:21:23,2024-05-12 13:57:06,,2024-05-12 14:24:49,2024-05-12 13:11:34,2024-05-12 14:56:22,2024-05-12 13:41:39,2024-05-12 15:26:07,2024-05-12 14:11:20,2024-05-12 15:46:45,,2024-05-12 16:05:39,2024-05-12 15:01:28,2024-05-12 16:36:21,,2024-05-12 16:57:48,2024-05-12 15:52:51,2024-05-12 17:15:29,,2024-05-12 17:45:03,,2024-05-12 18:04:57,2024-05-12 17:03:04,2024-05-12 18:26:01,2024-05-12 17:26:11,2024-05-12 18:40:13,2024-05-12 17:36:21,2024-05-12 18:54:08,,2024-05-12 19:14:57,2024-05-12 18:11:37,2024-05-12 19:32:46,,2024-05-12 19:45:01,2024-05-12 18:46:18,2024-05-12 20:03:58,2024-05-12 19:01:51,2024-05-12 20:25:04,,2024-05-12 20:56:07,2024-05-12 20:01:56,2024-05-12 21:56:21,2024-05-12 21:02:19,2024-05-12 22:57:36,,,,2529572.0,1153213.0,1439.9127505517106
"Lonay, église",8592250,AB_PROGNOSE,8592250,2024-05-12 06:38:34,2024-05-12 05:42:36,2024-05-12 07:09:29,,2024-05-12 07:29:49,,2024-05-12 06:53:33,2024-05-12 07:51:27,,2024-05-12 08:06:27,2024-05-12 07:16:08,,2024-05-12 07:30:25,2024-05-12 08:25:16,2024-05-12 07:36:38,2024-05-12 08:35:55,,,,2024-05-12 08:54:49,,2024-05-12 09:14:04,2024-05-12 08:32:02,2024-05-12 09:36:15,,2024-05-12 09:45:35,,2024-05-12 10:07:34,,2024-05-12 10:37:53,,2024-05-12 11:03:18,2024-05-12 09:51:27,2024-05-12 11:26:54,,2024-05-12 11:45:29,2024-05-12 10:43:12,2024-05-12 12:17:18,,2024-05-12 12:45:33,,2024-05-12 13:05:57,,2024-05-12 13:23:28,2024-05-12 12:21:28,2024-05-12 13:57:11,,2024-05-12 14:24:49,2024-05-12 13:11:39,2024-05-12 14:56:27,2024-05-12 13:41:51,2024-05-12 15:26:12,2024-05-12 14:11:25,2024-05-12 15:46:50,,2024-05-12 16:05:44,2024-05-12 15:01:33,2024-05-12 16:36:26,,2024-05-12 16:57:53,2024-05-12 15:52:56,2024-05-12 17:15:29,,2024-05-12 17:45:03,,2024-05-12 18:04:57,2024-05-12 17:03:09,2024-05-12 18:26:06,2024-05-12 17:26:16,2024-05-12 18:40:18,2024-05-12 17:36:26,2024-05-12 18:54:08,,2024-05-12 19:14:57,2024-05-12 18:11:42,2024-05-12 19:32:51,,2024-05-12 19:45:06,2024-05-12 18:46:23,2024-05-12 20:04:03,2024-05-12 19:01:56,2024-05-12 20:25:09,,2024-05-12 20:56:12,2024-05-12 20:02:10,2024-05-12 21:56:26,2024-05-12 21:02:24,2024-05-12 22:57:41,,2024-05-12 23:56:49,,2529572.0,1153213.0,1439.9127505517106
"Préverenges, Capellan",8588898,AN_PROGNOSE,8588898,2024-05-12 06:34:48,2024-05-12 05:44:33,2024-05-12 07:06:08,,2024-05-12 07:26:11,,2024-05-12 06:55:33,2024-05-12 07:47:38,,2024-05-12 08:01:11,2024-05-12 07:19:31,,2024-05-12 07:34:14,2024-05-12 08:21:38,2024-05-12 07:39:40,2024-05-12 08:32:17,,,,2024-05-12 08:50:53,,2024-05-12 09:11:11,2024-05-12 08:35:25,2024-05-12 09:31:11,,2024-05-12 09:41:45,,2024-05-12 10:01:11,,2024-05-12 10:31:37,,2024-05-12 10:59:20,2024-05-12 09:55:21,,,2024-05-12 11:41:50,2024-05-12 10:47:30,2024-05-12 12:12:49,,2024-05-12 12:42:03,,2024-05-12 13:02:09,,2024-05-12 13:20:01,2024-05-12 12:25:11,2024-05-12 13:52:24,,2024-05-12 14:21:11,2024-05-12 13:14:23,2024-05-12 14:52:18,2024-05-12 13:45:25,2024-05-12 15:21:58,2024-05-12 14:13:42,2024-05-12 15:42:12,,2024-05-12 16:01:43,2024-05-12 15:05:02,2024-05-12 16:32:11,,2024-05-12 16:51:11,2024-05-12 15:56:20,2024-05-12 17:11:32,,2024-05-12 17:41:25,,2024-05-12 18:01:11,2024-05-12 17:06:19,2024-05-12 18:21:11,2024-05-12 17:30:18,2024-05-12 18:36:38,2024-05-12 17:39:57,2024-05-12 18:50:25,,2024-05-12 19:11:22,2024-05-12 18:14:39,2024-05-12 19:29:11,,2024-05-12 19:41:33,2024-05-12 18:49:44,2024-05-12 20:00:29,2024-05-12 19:04:41,2024-05-12 20:21:46,,2024-05-12 20:52:57,2024-05-12 20:05:06,2024-05-12 21:53:02,2024-05-12 21:04:56,2024-05-12 22:54:40,,,,2529954.0,1152437.0,2415.2773571130633
"Préverenges, Capellan",8588898,AB_PROGNOSE,8588898,2024-05-12 06:34:48,2024-05-12 05:44:38,2024-05-12 07:06:13,,2024-05-12 07:26:11,,2024-05-12 06:55:38,2024-05-12 07:47:43,,2024-05-12 08:01:11,2024-05-12 07:19:31,,2024-05-12 07:34:19,2024-05-12 08:21:38,2024-05-12 07:39:45,2024-05-12 08:32:17,,,,2024-05-12 08:50:58,,2024-05-12 09:11:11,2024-05-12 08:35:25,2024-05-12 09:31:11,,2024-05-12 09:41:50,,2024-05-12 10:01:11,,2024-05-12 10:31:42,,2024-05-12 10:59:25,2024-05-12 09:55:26,2024-05-12 11:21:11,,2024-05-12 11:41:55,2024-05-12 10:47:35,2024-05-12 12:12:54,,2024-05-12 12:42:08,,2024-05-12 13:02:14,,2024-05-12 13:20:06,2024-05-12 12:25:16,2024-05-12 13:52:29,,2024-05-12 14:21:11,2024-05-12 13:14:28,2024-05-12 14:52:23,2024-05-12 13:45:30,2024-05-12 15:22:03,2024-05-12 14:13:47,2024-05-12 15:42:17,,2024-05-12 16:01:48,2024-05-12 15:05:07,2024-05-12 16:32:16,,2024-05-12 16:51:11,2024-05-12 15:56:25,2024-05-12 17:11:37,,2024-05-12 17:41:25,,2024-05-12 18:01:11,2024-05-12 17:06:24,2024-05-12 18:21:11,2024-05-12 17:30:23,2024-05-12 18:36:43,2024-05-12 17:40:02,2024-05-12 18:50:30,,2024-05-12 19:11:27,2024-05-12 18:14:44,2024-05-12 19:29:16,,2024-05-12 19:41:38,2024-05-12 18:49:49,2024-05-12 20:00:34,2024-05-12 19:04:46,2024-05-12 20:21:51,,2024-05-12 20:53:02,2024-05-12 20:05:11,2024-05-12 21:53:11,2024-05-12 21:05:01,2024-05-12 22:54:45,,,,2529954.0,1152437.0,2415.2773571130633
"Préverenges, village",8579230,AN_PROGNOSE,8579230,2024-05-12 06:33:49,2024-05-12 05:45:41,2024-05-12 07:04:13,,2024-05-12 07:25:10,,2024-05-12 06:57:02,2024-05-12 07:43:44,,,2024-05-12 07:20:39,,2024-05-12 07:35:40,2024-05-12 08:20:37,2024-05-12 07:41:32,2024-05-12 08:31:16,,,,2024-05-12 08:49:29,,2024-05-12 09:09:00,2024-05-12 08:36:33,2024-05-12 09:30:10,,2024-05-12 09:40:08,,2024-05-12 10:00:10,,2024-05-12 10:28:44,,2024-05-12 10:57:58,2024-05-12 09:56:50,,,2024-05-12 11:40:02,2024-05-12 10:49:38,2024-05-12 12:09:34,,2024-05-12 12:39:40,,2024-05-12 13:00:10,,,2024-05-12 12:27:07,2024-05-12 13:50:19,,2024-05-12 14:18:57,2024-05-12 13:16:06,2024-05-12 14:49:19,2024-05-12 13:47:04,2024-05-12 15:20:26,2024-05-12 14:15:07,2024-05-12 15:40:05,,2024-05-12 15:59:20,2024-05-12 15:06:44,2024-05-12 16:30:05,,,2024-05-12 15:58:31,2024-05-12 17:09:15,,2024-05-12 17:40:19,,2024-05-12 18:00:10,2024-05-12 17:08:25,2024-05-12 18:20:10,2024-05-12 17:32:48,2024-05-12 18:35:35,2024-05-12 17:40:50,2024-05-12 18:48:59,,2024-05-12 19:08:34,2024-05-12 18:16:02,2024-05-12 19:27:28,,2024-05-12 19:40:31,2024-05-12 18:50:49,2024-05-12 19:58:59,2024-05-12 19:06:19,2024-05-12 20:20:34,,2024-05-12 20:51:26,2024-05-12 20:06:59,2024-05-12 21:51:20,2024-05-12 21:06:24,2024-05-12 22:53:10,,,,2529987.0,1152190.0,2664.472060106526
"Préverenges, village",8579230,AB_PROGNOSE,8579230,2024-05-12 06:33:54,2024-05-12 05:45:46,2024-05-12 07:04:18,,2024-05-12 07:25:10,,2024-05-12 06:57:07,2024-05-12 07:45:56,,,2024-05-12 07:20:39,,2024-05-12 07:35:45,2024-05-12 08:20:37,2024-05-12 07:41:37,2024-05-12 08:31:16,,,,2024-05-12 08:49:34,,2024-05-12 09:09:05,2024-05-12 08:36:33,2024-05-12 09:30:10,,2024-05-12 09:40:13,,2024-05-12 10:00:10,,2024-05-12 10:29:07,,2024-05-12 10:58:03,2024-05-12 09:57:15,,,2024-05-12 11:40:07,2024-05-12 10:50:02,2024-05-12 12:10:13,,2024-05-12 12:40:10,,2024-05-12 13:00:29,,,2024-05-12 12:27:12,2024-05-12 13:50:49,,2024-05-12 14:20:10,2024-05-12 13:16:37,2024-05-12 14:50:10,2024-05-12 13:47:09,2024-05-12 15:20:31,2024-05-12 14:15:24,2024-05-12 15:40:10,,2024-05-12 16:00:10,2024-05-12 15:07:10,2024-05-12 16:30:10,,,2024-05-12 15:58:36,2024-05-12 17:09:20,,2024-05-12 17:40:24,,2024-05-12 18:00:10,2024-05-12 17:08:30,2024-05-12 18:20:15,2024-05-12 17:32:53,2024-05-12 18:35:40,2024-05-12 17:40:55,2024-05-12 18:49:04,,2024-05-12 19:10:02,2024-05-12 18:16:07,2024-05-12 19:27:33,,2024-05-12 19:40:36,2024-05-12 18:50:54,2024-05-12 19:59:24,2024-05-12 19:06:24,2024-05-12 20:20:39,,2024-05-12 20:51:31,2024-05-12 20:07:04,2024-05-12 21:51:25,2024-05-12 21:06:29,2024-05-12 22:53:15,,,,2529987.0,1152190.0,2664.472060106526
