number;designationOfficial;lv95East;lv95North
8500100;Tavannes;2582049.837;1229906.622
8500123;Glovelier;2582668.271;1242730.974
8500105;Moutier;2595643.408;1236643.652
8500109;Delémont;2593309.758;1245689.284
8500159;Grenchen Nord;2596285.828;1226751.247
8500162;Tramelan-Dessous;2575317.25214;1230224.28509
8500165;Le Pied-d'Or;2571036.0499;1230201.62165
8500164;Tramelan-Chalet;2573769.8863;1230347.60256
8500167;Les Breuleux-Eglise;2566955.55612;1229211.54378
8500169;Muriaux;2565673.8593;1232688.6013
8500175;Le Creux-des-Biches;2562270.319;1228178.402
8500174;Le Noirmont;2563481.80421;1230371.56323
8500191;Saignelégier;2566358.51867;1233845.33472
8500171;Les Reussilles;2573075.63147;1230440.25058
8500190;Les Emibois;2565636.67022;1231319.0536
8500177;Les Bois;2559638.027;1225242.6
8500176;Le Boéchet;2560858.086;1227162.819
8500170;Tramelan;2574677.84969;1230264.96931
8500192;Le Bémont JU;2567869.15325;1234789.98206
8500179;La Cibourg;2557887.667;1219164.875
8500195;La Combe;2574344.86526;1237104.37643
8500173;Les Breuleux;2567190.952;1228953.78923
8500178;La Ferrière;2558692.27555;1221446.2333
8500194;Pré-Petitjean;2571233.12499;1236309.68464
8500181;La Chaux-d'Abel;2559057.76153;1222567.85194
8500172;La Chaux-des-Breuleux;2568702.04569;1230034.41919
8500196;Bollement;2576192.90089;1238496.89866
8500180;La Large-Journée;2558896.01283;1223510.92026
8500199;Combe-Tabeillon;2578771.23123;1240336.6342
8500184;La Chaux-de-Fonds-Est;2554327.08477;1217109.3134
8500202;Grenchen Süd;2596934.48;1226425.843
8500212;Oensingen;2620520.218;1237162.272
8500207;Solothurn;2607884.418;1228144.25
8500010;Basel SBB;2611362.891;1266309.826
8500218;Olten;2635441.909;1244670.532
8500090;Basel Bad Bf;2612664.855;1268524.66
8501121;Pully;2540199.475;1151366.456
8501120;Lausanne;2537874.991;1152042.412
8501123;Villette VD;2543860.2447;1149608.1374
8501122;Lutry;2542581.879;1150549.814
8501125;Epesses;2546755.241;1148904.103
8501124;Cully;2545371.351;1148831.252
8501127;St-Saphorin;2550722.284;1147009.849
8501165;Jouxtens-Mézery;2535809.686;1155571.386
8501164;Cery-Fleur-de-Lys;2536059.857;1155150.711
8501126;Rivaz;2549768.468;1147197.172
8501166;Romanel-sur-Lausanne;2535939.948;1157140.855
8501169;Cheseaux;2536179.726;1159570.747
8501168;Vernand-Camarès;2536074.95;1158081.044
8501170;Bel-Air LEB;2536140.065;1158940.823
8501173;Echallens;2538279.982;1165681.027
8501172;Assens;2537329.841;1162760.382
8501175;Sugnens;2540840.264;1167360.593
8501174;Sur Roche;2538769.526;1165780.51
8501177;Bercher;2543780.14;1171560.15
8501201;La Tour-de-Peilz;2555508.239;1145067.011
8501176;Fey;2542339.891;1169510.492
8501200;Vevey;2554278.705;1145915.435
8501178;Grésaley;2539021.53502;1166089.52407
8501203;Clarens;2558283.195;1143633.665
8501181;Lausanne-Flon;2537975.335;1152486.968
8501202;Burier;2556853.521;1144216.064
8501207;Lausanne, Montelly;2536689.0;1152614.0
8501209;Lausanne, Malley;2535847.94901;1152880.22349
8501208;Lausanne, Provence;2536314.0;1152778.3
8501211;Chavannes-R., UNIL-Chamberonne;2534478.0;1152904.0
8501217;Chavannes-R., Crochy;2533358.0;1153861.0
8501210;Lausanne, Bourdonnette;2534868.0;1152794.0
8501216;Ecublens VD, Cerisaie;2533089.0;1153312.0
8501218;Ecublens VD, Epenex;2533641.0;1154414.0
8501213;Ecublens VD, UNIL-Sorge;2533622.0;1152717.0
8501212;Chavannes-R., UNIL-Mouline;2534033.0;1152995.0
8501160;Lausanne-Chauderon;2537649.725;1152760.485
8501215;Ecublens VD, Bassenges;2532935.0;1152962.0
8501163;Prilly-Chasseur;2536239.649;1154600.723
8501162;Union-Prilly;2536419.475;1154050.74
8501229;Monthey-En Place;2562007.0;1123229.0
8501030;Nyon;2507482.434;1137716.393
8501033;Rolle;2515330.72;1146309.079
8501035;Allaman;2520211.529;1147688.508
8501023;Coppet;2503660.649;1130324.449
8501037;Morges;2527498.454;1151525.985
8501022;Versoix;2501891.6726;1126165.2135
8501008;Genève;2499968.949;1118468.129
8501036;St-Prex;2524537.165;1148362.364
8501026;Genève-Aéroport;2497660.046;1120988.967
8501048;Lonay-Préverenges;2529476.908;1152840.352
8501031;Gland;2510093.198;1141631.179
8501042;Etoy;2522317.772;1147596.371
8501053;La Vuarpillière;2506067.917;1139350.479
8501064;Bassins;2506563.428;1146196.927
8501055;Les Pralies;2499215.071;1145271.523
8501045;Denges-Echandens;2531092.8129;1153487.6944
8501054;La Gottaz;2526762.492;1151028.933
8501067;Givrins;2505195.198;1142691.732
8501057;La Chèvrerie-Monterêt;2503561.59749;1144900.12715
8501066;Genolier;2505926.663;1143502.982
8501056;Sus-Châtel;2505261.248;1143762.457
8501069;L'Asse;2505650.018;1139679.428
8501059;Les Plantaz;2506960.475;1138473.885
8501082;Chardonney-Château;2522819.347;1154207.83
8501068;Trélex;2505260.973;1141008.561
8501061;La Givrine;2498036.119;1145671.618
8501047;Morges-St-Jean;2528587.964;1152301.624
8501085;Ballens-Froideville;2519594.481;1155913.303
8501060;La Cure;2495147.434;1146894.22
8501063;Arzier;2505741.251;1145995.174
8501062;St-Cergue;2501783.253;1144943.335
8501089;Villars-Bozon;2520614.123;1162659.214
8501065;Le Muids;2506024.078;1145508.235
8501091;Vufflens-le-Château;2525921.766;1153069.269
8501090;Prélionne;2526444.879;1151357.438
8501093;Yens;2522396.231;1152574.564
8501092;Bussy-Chardonney;2523878.301;1153313.819
8501095;Ballens;2518389.035;1156218.616
8501094;Apples;2522153.799;1156015.225
8501103;Vallorbe;2518333.128;1174023.894
8501116;Vufflens-la-Ville;2530406.445;1158733.846
8501096;Bière;2515486.377;1154611.115
8501105;Bretonnières;2526301.137;1174215.047
8501081;Chigny;2525838.357;1152093.079
8501099;L'Isle;2521299.685;1163407.289
8501080;Le Marais;2525112.939;1153375.017
8501104;Le Day;2520520.2158;1174842.2174
8501118;Renens VD;2534050.788;1154334.469
8501083;Reverolle;2522705.572;1154846.323
8501107;Arnex;2529656.353;1172287.207
8501106;Croy-Romainmôtier;2526534.837;1172172.885
8501108;La Sarraz;2529486.726;1167920.862
8501111;Essert-Pittet;2534414.919;1175523.475
8501110;Ependes VD;2536501.324;1177584.684
8501113;Bavois;2532735.272;1171095.884
8501112;Chavornay;2533438.279;1173578.838
8501115;Cossonay-Penthalaz;2529902.52;1162048.799
8501114;Eclépens;2532168.058;1167712.675
8501117;Bussigny;2531984.566;1155530.145
8501400;Aigle;2563416.288;1129606.2
8501403;St-Maurice;2566308.638;1118418.611
8501402;Bex;2566224.453;1122320.503
8501448;Champéry;2556200.933;1113878.919
8501453;La Cour;2557389.096;1116014.866
8501461;Ollon VD;2565669.407;1127366.777
8501460;Croix-du-Nant;2560569.422;1121043.63
8501463;Monthey-Ville;2562126.009;1122637.81
8501452;St-Triphon-Gare;2564163.839;1125306.717
8501462;Collombey-Village;2562017.9154;1124330.51061
8501465;Val-d'Illiez;2557901.225;1117052.923
8501454;Fayot;2558393.183;1117988.886
8501464;Troistorrents;2559663.142;1119784.527
8501457;Monthey-Hôpital;2561603.928;1122394.317
8501495;Villars-sur-Ollon;2570533.426;1127277.67
8501466;Champéry-Village;2556464.864;1114602.944
8501456;Chemex;2560772.821;1121481.417
8501494;Arveyes;2571028.514;1126718.325
8501458;Villy;2565763.307;1126262.355
8501487;Bex-Place-du-Marché;2567285.253;1122253.006
8501488;Bévieux;2568558.522;1123144.463
8501491;Les Posses;2570108.132;1124490.594
8501490;Fontannaz-Seulaz;2570488.551;1124091.855
8501493;Gryon Barboleuse;2571625.139;1125770.571
8501500;Martigny;2572200.17;1106100.379
8501492;Gryon;2570789.356;1124755.166
8501263;Château-d'Hauteville;2555961.155;1146510.766
8501262;Hauteville;2555621.385;1146267.582
8501265;La Chiésaz;2557255.428;1146617.039
8501264;St-Légier-Village;2556829.587;1146787.946
8501266;Château-de-Blonay;2557993.409;1146482.882
8501281;Blonay;2558313.187;1146184.949
8501280;St-Légier-Gare;2556472.819;1146736.046
8501299;Penthaz, village;2531068.0;1161308.0
8501283;Tusinge;2558343.285;1147091.871
8501282;Prélaz-sur-Blonay;2558468.447;1146531.83
8501301;Territet;2560340.414;1141801.408
8501285;Fayaux;2559214.36;1146655.678
8501284;Les Chevalleyres;2558488.238;1147284.301
8501300;Montreux;2559404.614;1142864.052
8501287;Lally;2559712.798;1147678.395
8501286;Ondallaz-L'Alliaz;2559702.914;1147005.896
8501303;Villeneuve VD;2560650.295;1138685.564
8501302;Veytaux-Chillon;2560730.224;1140824.982
8501288;Les Pléiades;2559401.83;1148141.834
8501304;Roche VD;2560625.287;1134275.142
8501636;Eyholz;2636805.29;1127375.01
8501664;Geschinen;2664757.823;1149273.967
8501667;Gluringen;2661089.945;1146026.047
8501666;Reckingen VS;2661850.445;1146638.905
8501661;Oberwald;2669378.389;1153683.144
8501669;Blitzingen;2658886.618;1143990.001
8501668;Biel (Goms);2659986.361;1145156.084
8501685;St. Niklaus VS;2628065.70417;1114050.54298
8501663;Ulrichen;2666792.325;1150781.977
8501662;Obergesteln;2668110.79708;1151716.11108
8501671;Fürgangen-Bellwald Talstation;2654874.061;1140309.416
8501684;Kalpetran;2630738.305;1118146.373
8501665;Münster VS;2663569.552;1148561.802
8501670;Niederwald;2657762.936;1142941.489
8501687;Randa;2626510.838;1105438.03
8501673;Lax;2652193.916;1137518.79
8501686;Herbriggen;2627281.375;1109022.929
8501672;Fiesch;2653486.0;1139673.0
8501689;Zermatt;2623943.7346;1096986.3196
8501675;Bettmeralp Talstation;2649083.006;1135730.583
8501688;Täsch;2625988.363;1101825.609
8501674;Grengiols;2650245.935;1136190.744
8501691;Riffelalp;2624456.24;1094864.677
8501677;Bitsch;2644549.165;1131793.372
8501690;Zermatt GGB;2624008.329;1096980.426
8501676;Mörel;2646835.265;1134050.862
8501693;Rotenboden;2625319.71;1092597.139
8501727;La Clairière;2571436.173;1126392.885
8501679;Findelbach;2624028.781;1095393.662
8501726;Corbier;2562442.347;1124645.741
8501692;Riffelberg;2624519.236;1093536.641
8501729;Fiesch Feriendorf;2653231.835;1138674.725
8501694;Gornergrat;2626623.933;1092474.306
8501683;Stalden-Saas;2633335.199;1120150.757
8501506;Sion;2593870.441;1119570.816
8501509;Sierre/Siders;2607257.669;1126749.677
8501605;Visp;2634122.601;1127053.424
8501609;Brig;2642319.282;1129928.136
8501601;Leuk;2615891.2932;1128929.1701
8502001;Zofingen;2638163.572;1237584.82
8502007;Sursee;2649981.241;1224635.637
8502204;Zug;2681601.238;1225309.019
8502113;Aarau;2646255.56;1249128.422
8502119;Lenzburg;2655249.091;1249187.66
8502476;Vevey Vignerons;2555004.0;1146586.0
8503000;Zürich HB;2683189.561;1248065.978
8503006;Zürich Oerlikon;2683433.901;1251778.101
8503016;Zürich Flughafen;2684750.178;1256117.357
8503424;Schaffhausen;2689636.089;1283755.982
8504016;Palézieux-Village;2553240.909;1156385.667
8504000;Pully-Nord;2540090.014;1151785.309
8504003;Bossière;2543256.866;1151206.173
8504007;Moreillon;2549880.843;1150997.152
8504021;Vauderens;2554917.525;1163525.7
8504020;Oron;2553885.158;1158096.289
8504023;Romont FR;2559702.789;1171501.671
8504011;Grandvaux;2545034.274;1149766.646
8504010;La Conversion;2541648.895;1151592.434
8504025;Chénens;2566515.858;1177652.068
8504024;Villaz-St-Pierre;2563456.273;1174487.164
8504012;Puidoux;2548335.067;1149391.962
8504027;Neyruz FR;2571460.794;1179498.303
8504026;Cottens FR;2569142.85;1177860.472
8504014;Palézieux;2553918.865;1154785.194
8504017;Châtillens;2552225.779;1157885.532
8504028;Rosé;2571236.019;1181343.053
8504030;Villars-sur-Glâne;2575394.82;1182124.48
8504201;Grandson;2539188.578;1184212.433
8504221;Neuchâtel;2561746.781;1205197.457
8504200;Yverdon-les-Bains;2539084.258;1181463.254
8504300;Biel/Bienne;2585151.205;1220231.592
8504291;La Brinaz;2537516.4179;1182914.0028
8504293;Essert-sous-Champvent;2534459.2198;1183047.5285
8504314;La Chaux-de-Fonds;2553490.0687;1216557.0295
8504292;Valeyres-sous-Montagny;2536841.4961;1183185.029
8504295;Baulmes;2530185.0696;1182361.3746
8504316;Le Locle;2547390.022;1212103.713
8504294;Vuiteboeuf;2532453.1614;1184004.4792
8504296;Six-Fontaines;2528217.7436;1180769.9061
8504101;Düdingen;2581018.424;1188910.003
8504100;Fribourg/Freiburg;2578046.796;1183594.722
8504103;Flamatt;2590925.671;1193048.702
8504298;Ste-Croix;2528425.8022;1185793.7655
8504124;Dompierre FR;2565432.791;1189352.435
8504127;Faoug;2572261.5438;1195309.7166
8504126;Avenches;2569686.709;1192686.53
8504128;Murten/Morat;2575372.918;1197189.989
8504164;Vulliens, Praz-Botsard;2549527.0;1162846.0
8504166;Mézières VD, station;2548883.0;1161133.0
8504169;Les Cullayes, village;2547399.0;1158191.0
8504171;Lausanne, En Marin;2542142.0;1156482.0
8504173;Savigny, centre;2545711.0;1154384.0
8504134;Payerne;2561939.492;1185510.189
8504172;Savigny, Claie-aux-Moines;2543655.0;1154636.0
8504177;Le Mont-sur-L., Grand-Mont;2538190.0;1157177.0
8504176;Lausanne, Tunnel;2538300.0;1153000.0
8504121;Lucens;2554386.541;1173125.447
8504163;Vucherens, village;2549741.0;1163931.0
8504120;Moudon;2551319.277;1168734.577
8504162;Syens, Champ-du-Chêne;2549854.0;1166037.0
8504165;Carrouge VD, centre;2549259.0;1161891.0
8504123;Corcelles-Nord;2563507.572;1187236.014
8504141;Henniez;2556546.264;1176136.544
8504122;Granges-Marnand;2558413.081;1178773.963
8504125;Domdidier;2567425.216;1190909.766
8504391;Les Frêtes;2545843.565;1212197.478
8504392;Les Brenets;2544454.826;1213169.795
8504758;Mézières VD, village;2548788.0;1160758.0
8504656;Romanel-sur-Morges, poste;2528866.27296;1156463.60475
8505000;Luzern;2666223.964;1211383.852
8504997;Servion, Zoo-Tropiquarium;2548897.0;1157422.0
8505004;Arth-Goldau;2684404.807;1211487.521
8505067;Rigi Wölfertschen-First;2678866.0;1211212.0
8505066;Rigi Klösterli;2679680.0;1210700.0
8505069;Rigi Kulm;2679517.0;1212102.0
8505068;Rigi Staffel;2678684.0;1211925.0
8505063;Arth-Goldau RB;2684278.0;1211468.0
8505062;Goldau A4;2684247.0;1210878.0
8505065;Fruttli;2681042.0;1210257.0
8505064;Kräbel;2683001.0;1210486.0
8505226;Grindelwald Terminal;2644303.036;1163969.354
8505300;Lugano;2716839.415;1096005.55
8505307;Chiasso;2723771.763;1076869.762
8505165;Andermatt;2688409.468;1165721.705
8505163;Realp;2681590.083;1161371.139
8505164;Hospental;2686726.234;1163939.693
8505213;Bellinzona;2722802.787;1117241.402
8505473;Ponte Brolla;2701502.154;1115758.209
8505495;Corcapolo;2695550.21127;1113785.72338
8505494;Intragna;2697576.115;1114806.471
8505497;Palagnedra;2692086.17482;1112879.90196
8505496;Verdasio;2693499.779;1113358.007
8505499;Camedo;2690562.66027;1112150.62132
8505529;Bussigny, St-Germain;2531518.48656;1155924.57456
8505585;Druogno;2676897.83302;1109554.5631
8505584;Malesco;2681945.75232;1109186.02838
8505589;Folsogno-Dissimo;2686513.344;1109826.00624
8505588;Creggio;2668477.12025;1108515.80143
8505590;Gagnone-Orcesco;2675819.01324;1109041.96589
8505593;Masera;2668410.0;1109320.0
8505594;Prestinone;2680441.86328;1109594.31229
8505597;Trontano;2669209.46954;1108295.68909
8505599;Verigo;2670565.0;1108215.0
8505578;Zornasco;2681319.45712;1109235.04496
8505581;S. Maria Maggiore;2678974.92678;1109953.59074
8505580;Re;2685038.83409;1109017.50694
8505391;Lugano FLP;2716888.411;1095894.132
8505390;Serocca;2713547.192;1096278.853
8505393;Cappella-Agnuzzo;2715118.998;1094611.717
8505392;Magliaso Paese;2712515.345;1093467.769
8505395;Agno;2713290.591;1094874.225
8505394;Bioggio;2713874.291;1096684.135
8505397;Caslano;2711419.639;1092817.16
8505396;Magliaso;2712018.419;1093261.791
8505399;Sorengo;2715908.019;1095419.481
8505398;Ponte Tresa;2710210.089;1091933.421
8505470;Locarno FART;2705335.26193;1114378.8485
8506000;Winterthur;2696831.696;1261857.004
8506105;Weinfelden;2725494.691;1269723.992
8506311;Rorschach;2755753.754;1260632.362
8506302;St. Gallen;2745712.515;1254278.969
8506131;Kreuzlingen;2730001.191;1279422.829
8506206;Wil SG;2720811.768;1258081.406
8506209;Flawil;2732145.507;1253071.93
8506208;Uzwil;2727658.553;1255337.179
8506210;Gossau SG;2736927.398;1252807.191
8506417;Romanel-sur-Morges,Z.I. Moulin;2529703.32987;1157213.80197
8506903;Bussigny, Sottelles;2531901.0;1156383.4
8506905;Bussigny, Tatironne;2531816.0;1156111.6
8506907;Bussigny, Jordil;2531636.30999;1156046.16853
8507000;Bern;2600037.945;1199749.812
8507277;Matten i.S.;2598694.801;1149155.179
8507276;St. Stephan;2597073.956;1150425.277
8507279;Lenk im Simmental;2600374.823;1145249.792
8507275;Stöckli;2596144.493;1151724.225
8507274;Blankenburg;2595909.998;1154424.594
8507278;Boden;2599749.546;1146604.898
8507290;Zweisimmen;2595108.922;1155801.717
8507361;Eigergletscher;2641046.0;1158310.0
8507364;Jungfraujoch;2641681.0;1155275.0
8507374;Kleine Scheidegg;2639969.0;1159413.0
8507379;Mürren BLM;2635163.0;1157083.0
8507378;Grütschalp;2634654.0;1160683.0
8507381;Schwendi bei Grindelwald;2643224.151;1164513.124
8507380;Grindelwald;2645545.028;1163851.008
8507383;Lütschental;2639077.982;1165221.803
8507382;Burglauenen;2641095.726;1165102.962
8507384;Lauterbrunnen;2635971.971;1160903.555
8507389;Zweilütschinen;2635306.732;1164709.344
8507388;Wilderswil;2632971.72;1168364.641
8507227;Chavannes-R., Cèdres;2533580.0;1153574.0
8507540;Cugy VD, Grillon;2538814.0;1159933.0
8507560;Winteregg;2635060.0;1159050.0
8507632;Crissier, Montremoën;2533984.0;1157108.0
8507492;Interlaken Ost;2632920.651;1171121.336
8507661;Chapelle-sur-Moudon, poste;2546305.0;1168786.0
8508100;Langenthal;2626215.515;1229654.225
8508152;Hard-Mumenthal;2625462.677;1231486.194
8508155;Bannwil;2622844.161;1232650.731
8508154;Aarwangen Schloss;2624604.796;1232746.69
8508151;Langenthal Gaswerk;2626019.842;1230486.885
8508153;Aarwangen;2625061.0;1232270.0
8507960;St-Cierges, Grande Salle;2546164.0;1171210.0
8507963;Thierrens, poste;2547654.0;1172711.0
8508193;Aarwangen Vorstadt;2625190.61;1231894.174
8509059;Grüsch;2767907.11;1205630.621
8509069;Cavadürli;2785188.418;1193897.417
8509068;Klosters Platz;2786176.324;1193795.748
8509071;Davos Wolfgang;2784292.777;1189594.377
8509060;Schiers;2771160.779;1204336.722
8509070;Davos Laret;2785673.8;1191442.88
8509073;Davos Platz;2781850.36;1185016.352
8509057;Malans GR;2762435.169;1205163.29
8509056;Landquart Ried;2761519.291;1202864.146
8509072;Davos Dorf;2783419.858;1187094.003
8509095;Klosters Selfranga;2786475.067;1192312.445
8509168;Versam-Safien;2742850.103;1185728.018
8509171;Ilanz;2735081.223;1181986.059
8509170;Castrisch;2737030.991;1182379.503
8509178;Sumvitg-Cumpadials;2714083.194;1175846.694
8509173;Rueun;2730361.707;1181808.104
8509181;Domat/Ems;2753677.681;1188860.839
8509180;Felsberg;2755793.534;1190023.11
8509183;Reichenau-Tamins;2750606.932;1187728.542
8509182;Domat/Ems Werk;2751953.752;1188316.387
8509175;Tavanasa-Breil/Brigels;2724056.035;1179458.157
8509169;Valendas-Sagogn;2740232.096;1183932.532
8509174;Waltensburg/Vuorz;2728429.85;1181195.953
8509177;Rabius-Surrein;2716088.296;1176831.255
8509176;Trun;2718583.686;1177988.645
8509179;Disentis/Mustér;2708324.814;1173629.428
8509000;Chur;2759397.951;1191228.46
8509002;Landquart;2760969.261;1203988.14
8509006;Chur Wiesental;2759563.878;1192214.495
8509053;Untervaz-Trimmis;2761504.781;1198613.264
8509051;Haldenstein;2759643.323;1193890.158
8509055;Igis;2761837.482;1202053.135
8509050;Chur West;2758326.18442;1190901.05538
8509054;Zizers;2761489.096;1200376.645
8509404;Buchs SG;2754651.563;1226171.291
8509411;Sargans;2752549.277;1212372.612
8509187;Rodels-Realta;2752411.705;1177930.477
8509186;Rothenbrunnen;2751302.113;1181540.922
8509189;Thusis;2753094.889;1173840.043
8509188;Cazis;2752455.619;1176233.524
8509263;Susch;2801732.286;1181271.963
8509262;Zernez;2802746.911;1175254.164
8509265;Guarda;2807094.671;1183617.338
8509255;Pontresina;2788647.451;1151769.173
8509264;Lavin;2804082.224;1183297.008
8509254;Punt Muragl;2787439.682;1153847.94
8509267;Ftan Baraigla;2815232.976;1185698.632
8509257;Madulain;2791550.481;1162585.945
8509266;Ardez;2810943.155;1183976.374
8509256;La Punt Chamues-ch;2790429.51;1161614.945
8509269;Sagliains;2803006.94;1182574.161
8509251;Samedan;2786776.64;1156505.469
8509268;Scuol-Tarasp;2817362.452;1186456.375
8509259;S-chanf;2794790.799;1165455.143
8509258;Zuoz;2793274.762;1164072.6
8509250;Bever;2787858.514;1158335.354
8509260;Cinuos-chel-Brail;2797747.51442;1168423.83323
8509491;Lausanne, Chalet-à-Gobet/Jorat;2542869.02885;1157335.84368
8510421;Crissier, Chicorée;2534110.61799;1154745.76893
8510422;Chavannes-R., Talluchet;2534386.71129;1153398.27869
8510670;Trélex dépôt;2505434.6907;1140215.4629
8510470;Matten b. Interlaken;2633226.0;1169304.0
8510525;St-Sulpice VD, Castolin;2531524.51949;1151737.00211
8510528;St-Sulpice VD, Pré-Fleuri;2532618.27626;1151924.21398
8510527;St-Sulpice VD, Ochettaz-Ormet;2532295.71238;1151769.50184
8510526;St-Sulpice VD, En Champagny;2531784.04427;1151773.36619
8510543;Prilly, Galicien/aréna;2535782.00096;1153352.97217
8510575;Lausanne, César-Roux;2538566.45577;1152861.43397
8510574;Lausanne, Eugène-Rambert;2539346.30412;1151859.15086
8510721;Ecublens VD, Epenex/Pont-Bleu;2533763.3282;1154498.1669
8511209;Villars-Tiercelin, sentier H&N;2544406.2919;1163105.29215
8511210;Carrouge VD, Gustave Roud;2548916.63119;1161553.32655
8511214;Carrouge VD, Champ du Trey;2549079.36735;1161432.60007
8511383;Epalinges, Vaugueny;2540168.1785;1155118.55712
8515296;Brig Bahnhofplatz;2642187.808;1129881.135
8516273;Genève-Eaux-Vives;2501814.213;1117463.107
8516272;Genève-Champel;2500788.552;1116451.201
8516274;Chêne-Bourg;2504180.0;1116886.461
8516155;Lancy-Pont-Rouge;2498572.961;1115793.29
8517142;Lancy-Bachet;2498892.237;1114496.861
8518452;Prilly-Malley;2535856.0067;1153164.2395
8518885;Täsch Monte Rosa;2626004.563;1102612.551
8519077;St-Cergue Les Cheseaux;2500775.172;1144767.527
8530066;Grand-Moulin;2567964.127;1122439.458
8530067;Les Salines;2568306.273;1122684.441
8530064;Bex Pont-Neuf;2567777.804;1122207.0
8530355;Les Arnoux;2565949.494;1126751.547
8530378;Les Neys;2560360.812;1120639.234
8530366;Pont du Rhône;2563242.118;1125082.148
8530430;Route de Morgins;2560098.8206;1120210.88844
8530246;Foyer Dents-du-Midi;2568476.821;1122855.856
8530263;Yverdon William Barbey;2538385.0821;1182298.3072
8530260;Le Locle Le Chalet;2546832.24912;1211883.74157
8530261;Bois-de-Chexbres;2558748.358;1147025.712
8530463;En Charnet;2557416.75;1116323.719
8530523;La Ruaz;2566769.123;1122497.059
8530858;Zermatt Ferienhaus legendär;2624124.0;1096146.0
8530789;Bioggio Molinazzo;2714270.279;1096719.367
8530790;Sorengo Laghetto;2715800.187;1095019.375
8557026;Servion, Vieux-Collège;2549798.0;1158482.0
8557141;Mézières VD, collège Raffort;2548673.0;1160783.0
8570063;Cheseaux-sur-L., gare;2536115.0;1159551.0
8570081;Morges, Vogéaz;2526611.0;1151500.0
8570069;Morges, La Tour;2527306.11914;1151834.78761
8570084;Morges, gare;2527527.52285;1151442.27829
8570090;Morges, Les Pétoleyres;2528308.12773;1152517.9343
8570091;Echichens, Gravelines;2528514.71755;1152879.72737
8570089;Morges, Pâquis;2527951.44519;1151742.49306
8570092;Bremblens, bas du village;2529116.91898;1155267.30483
8570093;Aclens, collège;2528825.0;1157750.0
8570082;Tolochenaz, La Plantaz;2526220.0;1151214.0
8570109;Cossonay-Ville, centre;2528713.11289;1162746.90564
8570347;Villars-Mendraz, croisée;2545692.0;1166490.0
8570350;Chapelle-sur-Moudon, Mulles;2546422.0;1169347.0
8570351;St-Cierges, La Tondiaz;2546169.0;1170754.0
8570348;Sottens, croisée;2546667.0;1167316.0
8570349;Sottens, Radio;2546291.0;1167534.0
8570352;Thierrens, La Rapaz;2547171.0;1172272.0
8570353;Thierrens, Prouty;2547427.0;1172488.0
8570130;Penthalaz, poste;2530036.0;1162464.0
8570129;Cossonay-Penthalaz, gare;2529881.0;1162027.0
8570173;Peney-le-Jorat, Chalet Renards;2545095.0;1164494.0
8570178;Bottens, croisée;2540360.0;1163133.0
8570179;Bottens, La Rustériaz;2540835.0;1161982.0
8570167;Froideville, village;2541581.0;1161247.0
8570176;Bretigny-sur-Morrens, croisée;2539332.0;1161067.0
8570164;Cugy VD, Le Moulin;2538992.0;1160050.0
8570168;Froideville, croisée;2541825.0;1161390.0
8570169;Froideville, Laiterie;2542060.0;1161375.0
8570174;Peney-le-Jorat, poste;2545490.0;1164895.0
8570175;Villars-Mendraz, Praz-Longet;2545497.0;1166029.0
8570172;Villars-Tiercelin, village;2543822.0;1164005.0
8570393;Moudon, gare;2551294.0;1168719.0
8570420;Servion, poste/croisée;2549588.0;1158205.0
8570421;Servion, Mannessivaz;2549780.0;1159293.0
8570425;Carrouge VD, Croix d'Or;2548345.0;1161045.0
8570419;Les Cullayes, Pra la Tête;2547875.0;1157310.0
8570417;Montpreveyres, village;2546518.0;1159242.0
8570422;Ferlens VD, Le Moulin;2549767.0;1159789.0
8570423;Ferlens VD, Champ des Oches;2549840.0;1160084.0
8570462;Servion, Clos de l'Auberge;2549668.0;1157654.0
8573634;Cugy VD, village;2538831.0;1159667.0
8577645;Cheseaux-sur-L., Martheray;2535497.0;1159275.0
8579233;Ecublens VD, EPFL (bus);2533107.0;1152679.0
8579238;Lausanne, Sallaz;2539205.0;1153810.0
8579239;Epalinges, Croisettes;2540394.49736;1154941.15197
8579237;Lausanne, Ours;2538769.0;1152528.0
8579230;Préverenges, village;2529987.0;1152190.0
8579243;Bressonnaz, village;2550259.0;1166935.0
8579231;St-Sulpice VD, Venoge sud;2531519.0;1151671.0
8579245;Lausanne, Foyer;2540268.0;1153865.0
8579240;Montpreveyres, Balances;2546132.0;1158503.0
8579250;Mollie-Margot, centre;2547236.0;1156368.0
8579234;Ecublens VD, EPFL Piccard;2533226.62602;1152482.70215
8579251;Forel (Lavaux), Cornes de Cerf;2548697.0;1154694.0
8579248;Pully, Trois-Chasseurs;2542140.0;1153953.0
8579235;Le Mont-sur-L., Coppoz;2538450.0;1156789.0
8579246;Lausanne, Rovéréaz;2540857.0;1153784.0
8579249;Pully, Monts-de-Pully;2542462.0;1154129.0
8579260;Lutry, Croix/Lutry;2543535.0;1152022.0
8579254;Lausanne, St-François;2538215.0;1152325.0
8579247;Montblesson, Centenaire;2541634.0;1154209.0
8579255;Lausanne, Pont-de-Chailly;2539634.0;1153061.0
8579253;Lausanne, Montbenon;2537922.0;1152376.0
8579258;Belmont-sur-L., Blessoney;2542087.0;1152303.0
8579259;Lutry, Landar;2542551.73301;1152101.85475
8579256;Pully, Val-Vert;2540789.0;1152580.0
8579257;Belmont-sur-L., centre;2541665.0;1152317.0
8581054;Romanel-sur-Morges, Pra-Vuatte;2528955.29277;1155959.18658
8581114;Penthalaz, Verney;2530301.0;1161861.0
8581512;St-Cierges, Transformateur;2546236.0;1171425.0
8581429;Servion, Grange Rouge;2549434.0;1157989.0
8581916;Bussigny, Condémine;2532675.0;1156402.0
8581917;Bussigny, Dallaz;2531961.0;1156056.0
8581914;Bussigny, gare;2532020.0;1155520.0
8581922;Bussigny, Riettaz;2532570.0;1156183.0
8581920;Bussigny, Sauge;2532141.0;1156421.0
8581921;Bussigny, Vieux-Four;2532420.0;1156200.0
8581918;Bussigny, Grand-Record;2531996.0;1155800.0
8581924;Bussigny, Sullens;2532707.0;1156096.0
8581943;Thierrens, gare routière;2547890.0;1172946.0
8583395;Villars-Tiercelin, La Sapelle;2544050.0;1163666.0
8583748;Villars-Ste-Croix, En Coulaye;2532574.57735;1157569.64818
8587357;Lausanne, Bellevaux;2538273.0;1154496.0
8587727;Les Ripes;2536349.917;1160440.529
8587547;Lausanne, Chalet à Matthey;2542689.0;1155810.0
8587546;Epalinges, Lion d'Or;2541876.40084;1155906.05425
8587545;Essertes, Le Pralet;2549615.0;1156584.0
8587550;Montblesson, Perronnaz;2541755.0;1154852.0
8587549;Lausanne, Vulliette;2541936.72241;1156586.71698
8587548;Lausanne, Vers-chez-les-Blanc;2542964.0;1156215.0
8587929;Lausanne, Chalet-à-Gobet;2542711.22235;1157328.42147
8587853;Le Mont-sur-L., Petit-Mont;2538305.0;1156124.0
8588193;Gryon Bois-Gentil;2571395.897;1125213.599
8588158;St-Sulpice VD, centre;2532419.0;1151355.0
8588157;St-Sulpice VD, Bochet;2532528.0;1151716.0
8588156;St-Sulpice VD, Laviau;2531846.0;1151495.0
8588155;St-Sulpice VD, Chantres;2532069.0;1151404.0
8588435;Pully, Chenaulaz;2541240.0;1153150.0
8588434;Pully, Rosiaz;2540422.0;1152551.0
8588432;Lausanne, Chailly-Village;2539887.0;1152731.0
8588439;Pully, port;2540343.0;1150847.0
8588445;Pully, gare;2540150.0;1151300.0
8588438;Lutry, Echerins;2543380.0;1152174.0
8588451;Lutry, Sapelle;2543634.0;1151444.0
8588450;Pully, Pré Pariset;2540788.48971;1152267.40681
8588436;Belmont-sur-L., Grands Champs;2541580.0;1152630.0
8588449;Pully, Vallon;2540792.86684;1152151.91395
8588448;Pully, Boverattes;2540695.0;1151962.0
8588442;Pully, Osches;2539795.52654;1151141.92033
8588454;Grandvaux, Pra Grana;2544426.55754;1150424.38954
8588441;Pully, Châtaignier;2539759.75342;1150874.90376
8588453;Aran, Pra Forny;2544176.09157;1150705.78695
8588431;Lausanne, Béthusy;2539255.0;1152581.0
8588452;Lutry, Jordillon;2543937.0;1151128.0
8588440;Pully, Somais;2540046.15497;1150898.8468
8588447;Pully, Rochettaz;2540503.85892;1151719.0632
8588446;Pully, Clergère;2540392.0;1151396.0
8588983;Renens VD, gare sud;2534082.0;1154287.0
8588839;Renens VD, 14 Avril;2534113.0;1154587.0
8588838;Renens VD, gare nord;2534082.0;1154390.0
8588853;Mex VD, village;2532198.56117;1158917.43419
8588843;Crissier, centre;2533922.0;1156187.0
8588842;Crissier, Bré;2534093.0;1155828.0
8588873;Ecublens VD, Pontet;2533051.0;1153539.0
8588872;Denges, Les Oches;2531178.62831;1153155.79499
8588841;Crissier, scierie;2534095.0;1155420.0
8588840;Crissier, Noutes;2534099.0;1155053.0
8588898;Préverenges, Capellan;2529954.0;1152437.0
8588847;Villars-Ste-Croix, village;2532765.12513;1157793.40264
8588846;Villars-Ste-Croix, Croix Péage;2533051.0;1157027.0
8588845;Crissier, Timonet;2533672.0;1156420.0
8588851;Mex VD, Trésy;2532806.001;1158614.733
8588850;Mex VD, Les Esserts;2533130.0;1158729.0
8588848;Villars-Ste-Croix, Le Sansy;2533042.0;1157804.0
8588871;Morges, St-Jean nord;2528535.0;1152349.0
8588875;Echandens, centre;2531142.0;1154096.0
8588874;Echandens, poste;2531133.09486;1153602.2721
8589249;Morges, Riond-Bosson;2526825.4576;1150749.45376
8589248;Morges, ch. du Bochet;2527463.23767;1151107.91838
8589523;Lausanne, Bessières;2538492.0;1152472.0
8589525;Epalinges, Planches;2540791.0;1155095.0
8590442;Lausanne, Riponne-M. Béjart;2538107.47618;1152738.3363
8592009;Lausanne, Chandolin;2539062.0;1152109.0
8592008;Lausanne, Champ-Rond;2539516.16629;1153707.23559
8592035;Lausanne, Ecole Commerce;2537347.0;1153121.0
8592015;Lausanne, Chevreuils;2543109.0;1156627.0
8592034;Lausanne, Druey-Collège;2537996.0;1153331.0
8592012;Lausanne, chemin du Cap;2539425.0;1151786.0
8592032;Lausanne, Dranse;2536920.0;1153535.0
8592019;Lausanne, Clochatte;2538625.0;1154924.0
8592039;Lausanne, Elysée;2538118.0;1151378.0
8592018;Lausanne, Cigale;2539293.0;1154975.0
8592055;Lausanne, Grangette;2538222.0;1154770.0
8592038;Lausanne, Eglantine;2538856.0;1151981.0
8592054;Lausanne, Grand Vennes;2539217.0;1154621.0
8592016;Lausanne, Chocolatière;2538800.0;1154206.0
8592037;Lausanne, Cojonnex/EHL;2542025.0;1157007.0
8592053;Lausanne, Grande-Borde;2538097.0;1153502.0
8592023;Lausanne, Coudrette;2540131.80455;1152643.61328
8592036;Lausanne, Ecole des Métiers;2536967.0;1152879.0
8592059;Lausanne, Hermitage;2538438.0;1153525.0
8592022;Lausanne, Couchirard;2536661.0;1152983.0
8592003;Lausanne, casernes;2537827.0;1153699.0
8592043;Lausanne, Faverges;2539172.0;1151695.0
8592058;Lausanne, Haute Combe;2542181.0;1155116.0
8592021;Lausanne, Cottages;2536418.0;1152560.0
8592002;Lausanne, Boveresses;2540551.0;1154093.0
8592042;Lausanne, Fauconnières;2539464.0;1152883.0
8592057;Lausanne, Grey;2537130.0;1153913.0
8592020;Lausanne, Closelet;2538179.0;1151892.0
8592001;Lausanne, Boston;2537405.0;1152837.0
8592056;Lausanne, Grattapaille;2537115.0;1154262.0
8592041;Lausanne, EPSIC;2537244.0;1152787.0
8592027;Lausanne, Dapples;2537591.0;1151819.0
8592063;Lausanne, Lac Sauvabelin;2538663.0;1154391.0
8592040;Lausanne, Epinettes;2537608.0;1151949.0
8592000;Lausanne, Bossons;2536993.0;1154558.0
8592062;Lausanne, Jurigoz;2538442.0;1151585.0
8592047;Lausanne, Forêt;2538223.0;1154124.0
8592026;Lausanne, Croix d'Ouchy;2537907.0;1151513.0
8592061;Lausanne, Jordils;2537740.0;1151281.0
8592046;Lausanne, Fontenay;2537089.0;1152040.0
8592025;Lausanne, Craivavers;2540203.0;1153643.0
8592060;Lausanne, Beaulieu-Jomini;2537680.0;1153210.0
8592045;Lausanne, Floreyres;2539378.0;1152066.0
8592006;Lausanne, Chalet-Fontaine;2543347.0;1157654.0
8592024;Lausanne, Cour;2537618.0;1151575.0
8592067;Lausanne, Lisière;2538539.0;1153774.0
8592005;Lausanne, Cèdres;2537110.0;1151830.0
8592044;Lausanne, Figuiers;2536461.0;1152063.0
8592031;Lausanne, Devin;2539644.0;1153517.0
8592066;Lausanne, Libellules;2539058.0;1154690.0
8592051;Lausanne, Georgette;2538569.0;1152150.0
8592030;Lausanne, Désert;2536617.0;1154621.0
8592004;Lausanne, Cécil;2537401.0;1152495.0
8592065;Lausanne, Les Chavannes;2540037.0;1153517.0
8592029;Lausanne, Denantou;2538623.0;1151049.0
8592011;Lausanne, Chauderon-Ale;2537745.0;1152823.0
8592050;Lausanne, gare;2537919.0;1152132.0
8592064;Lausanne, Languedoc;2536956.0;1152175.0
8592028;Lausanne, Délices;2537789.0;1151513.0
8592010;Lausanne, Chauderon;2537555.0;1152802.0
8592071;Lausanne, Mémise;2538205.0;1153223.0
8592049;Prilly, Galicien;2535968.0;1153319.0
8592070;Lausanne, Mauvernay;2542517.0;1157305.0
8592068;Lausanne, Maladière;2536058.50913;1152132.39076
8592090;Lausanne, Pêcheurs;2537175.0;1151272.0
8592075;Lausanne, Mont d'Or;2536805.0;1152071.0
8592089;Lausanne, Pavement;2538290.0;1154743.0
8592104;Lausanne, Presbytère;2537302.0;1153412.0
8592074;Lausanne, Mon Repos;2538798.0;1152258.0
8592111;Lausanne, Rouvraie;2538089.0;1153799.0
8592088;Lausanne, Parc Vélodrome;2537488.0;1154184.0
8592073;Lausanne, Molliettes;2542833.0;1156009.0
8592110;Lausanne, Riant-Cour;2536871.0;1151918.0
8592125;Lausanne, Valentin;2538052.0;1152903.0
8592109;Lausanne, Recordon;2537035.0;1153025.0
8592072;Lausanne, Mirabeau;2538313.0;1152052.0
8592094;Lausanne, Pierrefleur;2536943.0;1154041.0
8592115;Lausanne, Signal;2538765.0;1153789.0
8592079;Lausanne, Mont-Fleuri;2538079.0;1151784.0
8592114;Lausanne, Sablons;2535323.0;1152691.0
8592092;Lausanne, Piécettes;2538454.0;1154810.0
8592077;Lausanne, Montchoisi;2538477.0;1151406.0
8592112;Lausanne, Rozavère;2539917.0;1153367.0
8592099;Lausanne, Praz-Berthoud;2539407.0;1154224.0
8592119;Lausanne, St-Paul;2537027.0;1153210.0
8592076;Lausanne, Mont-Blanc;2537726.0;1153527.0
8592098;Lausanne, Port-Franc;2537729.0;1152641.0
8592083;Lausanne, Mousquines;2539260.0;1152033.0
8592118;Lausanne, St-Etienne;2539426.63968;1154014.5275
8592097;Lausanne, Pont Marc Dufour;2537034.0;1152301.0
8592082;Lausanne, Motte;2538225.0;1153863.0
8592117;Lausanne, Ste-Catherine;2544036.0;1158005.0
8592096;Lausanne, Pont Chauderon;2537522.0;1152762.0
8592116;Lausanne, Stade Olympique;2537662.0;1153939.0
8592081;Lausanne, Montolieu;2539042.0;1154963.0
8592103;Lausanne, Prélaz-les-Roses;2536179.0;1153200.0
8592123;Lausanne, Trabandan;2539048.0;1151780.0
8592122;Lausanne, Tivoli;2537305.0;1152534.0
8592080;Lausanne, Montoie;2536302.0;1152226.0
8592102;Lausanne, Prélaz;2536612.0;1153116.0
8592121;Lausanne, Théâtre de Vidy;2536530.0;1151767.0
8592087;Lausanne, Parc Rivier;2536851.0;1154197.0
8592101;Lausanne, Praz-Séchaud;2540808.0;1154324.0
8592120;Lausanne, St-Roch;2537658.0;1153021.0
8592086;Lausanne, Ouchy-Olympique;2537676.0;1151008.0
8592127;Lausanne, Valmont;2539915.16211;1154072.13795
8592100;Lausanne, Praz-Collet;2543078.0;1156812.0
8592085;Lausanne, Oiseaux;2537925.0;1153626.0
8592107;Lausanne, Rapille;2536602.0;1154252.0
8592126;Lausanne, Vallonnette;2539378.0;1153324.0
8592084;Lausanne, Musée Olympique;2538334.0;1151239.0
8592106;Lausanne, Provence sud;2536282.0;1152609.0
8592091;Lausanne, Petit Château;2538382.0;1153245.0
8592105;Lausanne, Provence nord;2536122.0;1152877.0
8591930;Bussigny, Croix de Plan;2532879.0;1155575.0
8591950;Ecublens VD, allée de Dorigny;2534284.0;1152491.0
8591949;Ecublens VD, En Enjalin;2532358.0;1152927.0
8591935;Crissier, Arc-en-Ciel;2533201.0;1155270.0
8591948;Ecublens VD, Croset;2533084.0;1154084.0
8591955;Ecublens VD, place de sport;2532890.0;1154149.0
8591934;Vucherens, Closy;2549792.0;1164320.0
8591954;Ecublens VD, Perrettes;2532466.0;1153147.0
8591933;Chavannes-R., Planta;2533594.0;1154023.0
8591953;Ecublens VD, Parc;2533217.0;1154336.0
8591952;Ecublens VD, Ormet;2532495.0;1152858.0
8591939;Crissier, Zinguerie;2533415.0;1155074.0
8591959;Ecublens VD, Champs-Courbes;2531812.0;1152058.0
8591958;Ecublens VD, Suchet-Forêt;2533411.0;1154656.0
8591936;Crissier, Closalet;2533350.0;1156170.8
8591905;Ropraz, Ussières;2547629.0;1161327.0
8591957;Ecublens VD, Stand;2532783.0;1153872.0
8591956;Ecublens VD, Renges;2532177.0;1152742.0
8591904;Carrouge VD, Ecorcheboeuf;2548085.0;1161098.0
8591963;Epalinges, Biolleyre;2540931.0;1155977.0
8591962;Epalinges, Ballègue;2541045.0;1156245.0
8591940;Cugy VD, Cavenette;2538452.0;1159076.0
8591961;Ecublens VD, Villars;2532675.0;1153514.0
8591947;Ecublens VD, Coquerellaz;2532646.40257;1152941.46273
8591960;Ecublens VD, Veilloud;2532936.0;1153704.0
8591970;Epalinges, Pré-d'Yverdon;2541241.0;1155021.0
8591967;Epalinges, En Praz Bin;2541166.0;1155782.0
8591946;Ecublens VD, Cocarde;2532620.0;1153341.0
8591969;Epalinges, Polny;2540711.0;1156155.0
8591966;Epalinges, Croix-Blanche;2541117.0;1155439.0
8591945;Ecublens VD, Champagne;2533572.50547;1152258.17793
8591968;Epalinges, Grand Chemin;2542135.36618;1156183.06574
8591975;Forel (Lavaux), Les Confréries;2548372.0;1154800.0
8591944;Ecublens VD, Argand;2533488.0;1152483.0
8591965;Epalinges, Girarde;2541317.67128;1155626.46796
8591931;Bussigny, Buyère;2532885.1;1155781.4
8591951;Ecublens VD, Motty;2532705.0;1153108.0
8591973;Forel (Lavaux), Casard;2549285.0;1155923.0
8591964;Epalinges, Bois-Murat;2539851.70926;1155168.42522
8591979;Lausanne, Alpes;2538458.0;1151843.0
8591971;Epalinges, Tuileries;2540112.86043;1155099.18912
8591978;Lausanne, Allières/CHUV;2539301.0;1152823.0
8591977;Lausanne, Abeilles;2539344.0;1154726.0
8591991;Lausanne, Benj. Constant;2538520.0;1152320.0
8591976;La Conversion, gare;2541641.0;1151557.0
8591990;Lausanne, Belvédère;2536962.0;1152509.0
8591983;Lausanne, Batelière;2536637.0;1152009.0
8591989;Lausanne, Bellerive;2536967.0;1151471.0
8591982;Lausanne, Barre;2538417.24892;1153032.68062
8591988;Lausanne, Bel-Air;2537880.0;1152653.0
8592266;Morges, La Prairie;2527004.15254;1151243.2246
8591981;Lausanne, avenue du Léman;2539123.0;1151908.0
8591995;Lausanne, Bois de Vaux;2535630.0;1152359.0
8591980;Lausanne, Aubépines;2537134.0;1153225.0
8591994;Lausanne, Blécherette;2537294.0;1154878.0
8591987;Lausanne, Beau-Site;2537255.0;1154063.0
8591993;Lausanne, Béthanie;2536699.0;1154033.0
8591986;Lausanne, Beau-Rivage;2537743.0;1151100.0
8591992;Lausanne, Bergières;2537082.0;1153601.0
8592270;Morges, Prélionne;2526400.0;1151338.0
8591985;Lausanne, jardin botanique;2537407.0;1151579.0
8591999;Lausanne, Bonne-Espérance;2539510.1314;1151833.44599
8592284;Tolochenaz, Molliau;2526507.0;1150479.0
8591998;Lausanne, Boisy;2537151.0;1153864.0
8591984;Lausanne, Beaulieu;2537467.0;1153306.0
8592268;Morges, Grosse-Pierre;2528054.0;1152260.0
8591997;Lausanne, Boissonnet;2539219.0;1154506.0
8591996;Lausanne, Bois-Gentil;2537375.0;1154479.0
8592274;Morges, Auguste-Forel;2528237.0;1152234.0
8592259;Morges, Bief;2528912.0;1152181.0
8592273;Morges, Eglantine;2526774.0;1151568.0
8592258;Morges, Bellevue;2527762.0;1152172.0
8592272;Morges, St-Jean sud;2528655.0;1152144.0
8592257;Morges, Banc-Vert;2527497.96759;1151964.26438
8592279;Préverenges, Taudaz;2529331.0;1152250.0
8592263;Morges, de Beausobre;2528116.72958;1152144.75222
8592278;Morges, temple;2527966.0;1151460.0
8592262;Morges, Charpentiers;2527706.0;1151398.0
8592277;Morges, St-Louis;2527951.0;1151533.0
8592261;Morges, Casino;2527894.0;1151272.0
8592260;Morges, Blancherie;2528220.0;1151923.0
8592283;Tolochenaz, Les Saux;2525949.0;1150196.0
8592282;Tolochenaz, Les Noyers;2526242.0;1150218.0
8592131;Lausanne, Victor-Ruffy;2539380.0;1153679.0
8592133;Lausanne, Vigie;2537484.0;1152574.0
8592132;Lausanne, Vieux-Moulin;2537971.0;1153870.0
8592130;Lausanne, Vert-Bois/EHL;2542209.37895;1156858.07414
8592139;Le Mont-sur-L., Budron;2538283.0;1158564.0
8592129;Lausanne, Verdeil;2539457.0;1152187.0
8592138;Lausanne, Vulliemin;2538270.0;1153254.0
8592155;Lutry, Corniche;2542845.0;1150204.0
8592137;Lausanne, Cascades;2538831.0;1154630.0
8592154;Lutry, Les Champs;2542304.0;1150660.0
8592136;Lausanne, Virgile-Rossel;2539374.0;1153068.0
8592135;Lausanne, Vinet;2537854.0;1153111.0
8592143;Le Mont-sur-L., Martines;2538121.0;1155324.0
8592168;Paudex, Verrière;2541082.0;1150789.0
8592153;Lutry, Gravesse;2542980.0;1151383.0
8592134;Lausanne, Villard;2537465.83676;1152353.98006
8592175;Prilly, Chasseur;2536176.0;1154545.0
8592142;Le Mont-sur-L., Fougères;2538314.0;1158063.0
8592152;Lutry, Corsy-Dessus;2542263.0;1151785.0
8592141;Le Mont-sur-L., Etavez;2538307.0;1157528.0
8592159;Lutry, Ponfilet;2542512.0;1151588.0
8592140;Le Mont-sur-L., Côtes;2538107.0;1155728.0
8592158;Lutry, Orzens;2542037.0;1150911.0
8592147;Lutry, Brûlées;2542587.0;1151735.0
8592172;Pully, C. F. Ramuz;2539332.0;1151221.0
8592157;Lutry, Marionnettes;2542172.0;1151540.0
8592188;Pully, Montillier;2540062.0;1151528.0
8592179;Prilly, Flumeaux;2535710.0;1153529.0
8592146;Lutry, Brélaz;2543124.0;1151589.0
8592156;Lutry, port;2542078.0;1150336.0
8592178;Prilly, église;2535587.0;1154532.0
8592195;Pully, Reymondin;2540670.16259;1151175.14903
8592145;Lutry, avenue William;2541911.0;1151183.0
8592177;Pully, Daillettes;2540728.0;1152702.0
8592144;Montpreveyres, Riau-Graubon;2545233.0;1158452.0
8592194;Pully, Ravessoud;2543103.0;1154479.0
8592162;Lutry, Savuit-place;2542825.0;1150935.0
8592176;Prilly, Coudraie;2536413.0;1154670.0
8592151;Lutry, Colline;2541723.0;1151319.0
8592193;Pully, Pierraz-Portay;2538971.0;1151206.0
8592161;Lutry, Savoie;2543401.0;1151913.0
8592150;Lutry, Grand-Pont;2541843.0;1150593.0
8592183;Pully, Les Liaudes;2539984.0;1152138.0
8592192;Prilly, Perréaz;2535854.0;1154305.0
8592160;Lutry, Rive;2542522.0;1150282.0
8592149;Lutry, Corsy-Dessous;2541788.0;1151646.0
8592182;Pully, Joliette;2539720.0;1151257.0
8592199;Pully, Vignes;2540659.0;1150950.0
8592167;Paudex, Marronnier;2541418.0;1150778.0
8592181;Prilly, Huttins;2536308.0;1153887.0
8592198;Pully, Verney;2539447.0;1150879.0
8592180;Prilly, Grand Vigne;2535964.0;1153723.0
8592166;Moudon, Verger;2551020.0;1168574.0
8592197;Pully, Tour Haldimand;2538893.0;1150902.0
8592187;Prilly, Mont-Goulin;2536517.0;1154484.0
8592186;Pully, Métairie;2538767.0;1151286.0
8592196;Pully, Roses;2539984.0;1151832.0
8592165;Moudon, Sorbiers;2550763.0;1168088.0
8592185;Pully, Margerol;2540323.45115;1152366.83944
8592164;Lutry, Voisinand;2542253.0;1150541.0
8592208;Renens VD, Bugnon;2535374.0;1154630.0
8592201;Renens VD, 1er Mai;2534396.0;1154741.0
8592215;Renens VD, Longemalle;2535392.0;1153045.0
8592171;Pully, Bruyère;2540486.40233;1152810.50203
8592214;Renens VD, Industrie;2534209.0;1154779.0
8592191;Pully, Pavillard;2540137.79436;1152345.32185
8592170;Pully, Bourdonnière;2539206.0;1150888.0
8592207;Renens VD, Broye;2535527.0;1154137.0
8592213;Renens VD, Hôtel-de-Ville;2534645.0;1154215.0
8592169;Paudex, village;2541227.0;1150883.0
8592190;Pully, Perraudettaz;2539805.0;1151717.0
8592206;Renens VD, Bourg-Dessus;2535271.0;1154453.0
8592212;Renens VD, Follieu;2535129.0;1154615.0
8592205;Renens VD, Borjod;2534803.0;1154610.0
8592189;Pully, Moulins;2541006.0;1151079.0
8592219;Renens VD, rue du Lac;2535061.0;1153251.0
8592204;Renens VD, Bois-Genoud;2534471.0;1155359.0
8592218;Renens VD, Caudray;2534580.0;1153738.0
8592217;Renens VD, Perrelet;2535581.0;1153551.0
8592210;Renens VD, Chêne;2534899.0;1153437.0
8592209;Renens VD, Censuy;2534431.0;1153812.0
8592229;Savigny, Clair-Matin;2546955.0;1155673.0
8592223;Renens VD, village;2535064.0;1153838.0
8592249;Lonay, Carouge;2529959.458;1153227.00749
8592228;Savigny, ancienne poste;2545242.0;1154537.0
8592248;Ecublens VD, Larges Pièces;2532232.11857;1153795.57806
8592221;Renens VD, Sous l'Eglise;2534795.0;1154107.0
8592255;Lonay, Vozy;2530254.0;1153378.0
8592220;Renens VD, Saugiaz;2534621.0;1154688.0
8592254;Lonay, parc;2529262.0;1153429.0
8592234;Savigny, St-Amour;2546849.0;1155407.0
8592253;Lonay, Levant;2529166.36639;1152805.93024
8592233;Savigny, Publoz;2544546.0;1154761.0
8592252;Lonay, Gracieuse;2528710.0;1152508.0
8592226;St-Sulpice VD, Russel;2532871.0;1151912.0
8592232;Savigny, Palaz;2546033.0;1154707.0
8592225;Ropraz, Home du Jorat;2547305.0;1160740.0
8592239;Denges, La Pale;2531209.31847;1152347.6803
8592224;Ropraz, Corcelles-Jorat;2546855.0;1160216.0
8592231;Savigny, Grange-la-Ville;2547048.0;1155895.0
8592230;Savigny, Crêt-Rouge;2546326.0;1154921.0
8592243;Echandens, Riaz;2531227.4023;1154311.99642
8592242;Denges, village;2531088.48382;1152835.77612
8592241;Denges, Sur les Moulins;2531176.04448;1151922.30311
8592240;Denges, Pierraz-Mur;2530776.0;1151938.0
8592244;Echandens, Chocolatière;2531587.78513;1154297.10699
8592251;Lonay, Grassiaz;2528967.0;1152724.0
8593249;Le Mont-sur-L., Rionzi;2538184.54784;1155002.64232
8593467;Pont de Fayot;2558724.138;1118760.345
8593806;Belmont-sur-L., Rouvène;2541386.0;1152519.0
8593795;Belmont-sur-L., Chaffeises;2541288.0;1151711.0
8593798;Belmont-sur-L., Burenoz;2541214.0;1152498.0
8593815;Crissier, Jura;2533622.0;1154891.0
8593822;Epalinges, Montéclard;2540455.97352;1155859.53345
8593821;Epalinges, Giziaux;2541398.0;1155548.0
8593820;Epalinges, Florimont;2540197.61036;1155513.88937
8593838;Lausanne, Maladière-Lac;2536057.0;1151995.0
8593819;Epalinges, Bois-de-Ban;2540707.75061;1156238.88387
8593837;Lausanne, Maladière-Figuiers;2536113.0;1152075.0
8593816;Crissier, Marcolet;2533751.0;1155437.0
8593856;Lutry, Bossières;2543076.0;1151210.0
8593845;Le Mont-sur-L., Coppoz-Poste;2538409.0;1156497.0
8593844;Lausanne,Vallée de la Jeunesse;2536240.0;1152782.0
8593861;Lutry, gare;2542553.0;1150550.0
8593850;Pully, Caudoz;2540789.0;1151460.0
8593867;Chavannes-R., Plaine;2533535.1;1153397.8
8593866;Chavannes-R., Préfaully;2534059.0;1153950.0
8593869;Chavannes-R., Glycines;2533869.0;1154252.0
8593868;Chavannes-R., Concorde;2533691.0;1153816.0
8593772;Gryon-Chalméry;2570188.12;1124764.779
8593779;Vufflens-la-Ville,grande salle;2531275.4665;1159311.65052
8593782;Vufflens-la-Ville, gare;2530452.0;1158837.0
8593781;Vufflens-la-Ville, église;2531065.88983;1158810.88808
8593780;Vufflens-la-Ville, Cuvillard;2530730.47133;1159105.80759
8594178;Bussigny, Rente;2532809.0;1156577.0
8594177;Bussigny, Cocagne;2532760.0;1156315.0
8594270;Mex VD, Faraz;2531907.2;1157602.4
8594890;Ecublens VD, Montaney;2532022.0;1152331.0
8595148;Crissier, Chisaz;2533916.0;1155821.0
8595147;Cheseaux-sur-L., Châtelard;2535123.0;1158887.0
8595191;Pully,Centre Sportif Rochettaz;2541012.0;1151453.0
8595190;Belmont-sur-L., Malavaux;2541506.0;1152430.0
8595192;Pully, Ruisselet;2540590.0;1151575.0
8594988;St-Sulpice VD, Venoge nord;2531466.0;1151782.0
8594987;Chavannes-R., Mouline;2534069.0;1153126.0
8594986;Chavannes-R., Berges;2533735.0;1153276.0
8595005;Le Mont-sur-L., Maillefer;2537723.0;1154897.0
8595215;Bussigny, Reculan;2532172.05601;1154924.78485
8595214;Bussigny, Bosquet;2532192.0;1155291.0
8595213;Echandens, collège;2531135.13246;1153844.1333
8595219;Lonay, Pressoirs;2529507.31315;1153105.17853
8595217;Bussigny, Vallon;2532119.94899;1155068.15231
8595216;Bussigny, gare sud;2531993.31708;1155456.17983
8595223;St-Sulpice VD, Parc Scient.;2532863.0;1152073.0
8595220;Lonay, collège sud;2529640.51501;1153013.18921
8595602;Chavannes-R., Dorigny;2534420.24726;1153186.97503
8595625;Belmont-sur-L., Pâquis;2541568.5;1152386.7
8595475;Mézières VD, Praz Joret;2548959.0;1159382.0
8595474;Mézières VD, centre médical;2548831.0;1160321.0
8595516;Crissier, Mongevon;2533644.0;1155602.0
8595521;Lausanne, Bourdonnette nord;2534825.0;1152975.0
8595534;Renens VD, piscine;2534529.0;1153591.0
8595935;Lausanne, Stade de Coubertin;2535848.0;1151907.0
8595934;Lausanne, Siège du CIO;2535573.0;1152152.0
8595933;Lausanne, Parc Musée Olympique;2538156.0;1150989.0
8595939;Lausanne, Parc Bourget;2535156.0;1152304.0
8595938;Lausanne, Vidy-Port;2536177.0;1151807.0
8595937;Lausanne, sports UNIL-EPFL;2534561.0;1152552.0
8595936;Lausanne, Tour Haldimand-Lac;2538756.0;1150758.0
8595978;Villars-Ste-Croix, Colice;2533113.0;1157179.0
8595986;Crissier, Lentillières;2533574.0;1155873.0
8596054;Morges, En Bonjean;2527129.0;1150994.0
8596053;Ecublens VD, Blévallaire;2533903.21836;1152393.15561
8596091;Forel (Lavaux), Pra Pélisson;2547722.0;1154848.0
8501058;La Joy-Clinique;2506112.467;1144622.986
8570132;Penthaz, La Vaux;2530469.00051;1161616.00115
8504178;Cugy VD, poste;2538705.0;1159474.0
8595218;Lonay-Préverenges, gare sud;2529592.0;1152847.0
8582065;Morrens VD, village;2537817.0;1160152.0
8591818;Lausanne, Flon;2537993.26376;1152461.19768
8583891;Vufflens-Aclens, zone industr.;2529929.71858;1157463.97825
8510727;Ecublens VD, EPFL/Colladon;2532850.46709;1152239.5379
8511813;Ecublens VD, Campus des médias;2533321.79839;1152163.77392
8501097;Pampigny-Sévery;2522849.82;1158907.91
8501098;Montricher;2519879.991;1161098.056
8592173;Prilly, centre;2536064.6179;1154037.43158
8592078;Lausanne, Montétan;2536743.87961;1153437.52084
8509167;Trin;2746580.939;1186840.153
8509184;Bonaduz;2749515.828;1186214.397
8509185;Rhäzüns;2749659.756;1185038.131
8509058;Seewis-Pardisla;2766911.342;1205202.307
8592211;Renens VD, Florissant;2535545.62013;1153832.63271
8592203;Renens VD, Baumettes;2534907.90761;1155089.87
8592222;Renens VD, Sur-la-Croix;2535153.1883;1154807.45208
8530749;Renens VD, gare;2534019.52076;1154398.91644
8592124;Lausanne, Valency;2536528.26003;1153673.44173
8592227;St-Sulpice VD, Pâqueret;2533389.0391;1152057.10831
8592033;Lausanne, Druey;2537779.74354;1153494.27025
8595004;Lausanne, Entre-Bois;2538085.04858;1154739.36915
8511245;Le Mont-sur-L., Rionzi/collège;2537975.47321;1155100.10369
8592202;Renens VD, Avenir;2534348.3731;1154498.66053
8593817;Crissier, Feleire;2533436.5518;1155951.2754
8501214;Ecublens VD, EPFL;2533051.0;1152695.0
8511344;Lonay-Préverenges, gare nord;2529438.71944;1152899.15485
8501171;Etagnières;2536865.64481;1161600.56099
8504018;Ecublens-Rue;2551921.982;1162323.311
