STOP_NAME;STOP_NUMBER;EVENT;85:151:1889;85:151:1901;85:151:1890;85:151:1919;85:151:1902;85:151:1891;85:151:1920;85:151:1903;85:151:1892;85:151:1921;85:151:1904;85:151:1893;85:151:1922;85:151:1905;85:151:1894;85:151:1923;85:151:1906;85:151:1895;85:151:1924;85:151:1907;85:151:1896;85:151:1925;85:151:1908;85:151:1897;85:151:1926;85:151:1909;85:151:1898;85:151:1927;85:151:1910;85:151:1943;85:151:1928;85:151:1911;85:151:1944;85:151:1929;85:151:1912;85:151:1945;85:151:1930;85:151:1913;85:151:1946;85:151:1931;85:151:1914;85:151:1947;85:151:1932;85:151:1915;85:151:1948;85:151:1933;85:151:1916;85:151:1949;85:151:1934;85:151:1965;85:151:1950;85:151:1935;85:151:1966;85:151:1951;85:151:1936;85:151:1967;85:151:1952;85:151:1937;85:151:1968;85:151:1953;85:151:1938;85:151:1969;85:151:1954;85:151:1939;85:151:1970;85:151:1955;85:151:1940;85:151:1971;85:151:1956;85:151:1989;85:151:1972;85:151:1957;85:151:1990;85:151:1973;85:151:1958;85:151:1991;85:151:1974;85:151:1959;85:151:1992;85:151:1975;85:151:1960;85:151:1993;85:151:1976;85:151:1961;85:151:1994;85:151:1977;85:151:1962;85:151:1995;85:151:1978;85:151:2015;85:151:1996;85:151:1979;85:151:2016;85:151:1997;85:151:1980;85:151:2017;85:151:1998;85:151:1981;85:151:2018;85:151:1999;85:151:1982;85:151:2019;85:151:2000;85:151:1983;85:151:2020;85:151:2001;85:151:1984;85:151:2021;85:151:2002;85:151:1985;85:151:2022;85:151:2003;85:151:1986;85:151:2023;85:151:2004;85:151:2005;85:151:2024;85:151:2025;85:151:2006;85:151:2007;85:151:2026;85:151:2027;85:151:2008;85:151:2009;85:151:2028;85:151:2029;85:151:2010;85:151:2011;85:151:2030;85:151:2012;85:151:2031
Lausanne, Bourdonnette;8501210;ARRIVAL_REAL;;;2025-03-01 06:36:20;;2025-03-01 06:50:27;;2025-03-01 07:05:28;;2025-03-01 07:16:00;;2025-03-01 07:31:38;;2025-03-01 07:46:20;;2025-03-01 08:02:02;;2025-03-01 08:17:10;;2025-03-01 08:30:29;;2025-03-01 08:44:39;;2025-03-01 08:59:33;;2025-03-01 09:13:02;;2025-03-01 09:26:49;;2025-03-01 09:43:48;;2025-03-01 10:01:20;;2025-03-01 10:14:16;;2025-03-01 10:27:01;;2025-03-01 10:42:15;;2025-03-01 11:01:47;;2025-03-01 11:13:05;;2025-03-01 11:28:41;;2025-03-01 11:45:17;;2025-03-01 11:57:37;;2025-03-01 12:16:55;;2025-03-01 12:30:18;;2025-03-01 12:45:34;;2025-03-01 13:02:14;;2025-03-01 13:14:01;;2025-03-01 13:29:59;;2025-03-01 13:45:33;;2025-03-01 13:58:36;;2025-03-01 14:16:59;;2025-03-01 14:31:28;;2025-03-01 14:44:27;;2025-03-01 15:01:12;;2025-03-01 15:18:55;;2025-03-01 15:28:38;;2025-03-01 15:48:01;;2025-03-01 16:02:17;;2025-03-01 16:14:44;;2025-03-01 16:33:45;;2025-03-01 16:46:11;;2025-03-01 17:00:17;;2025-03-01 17:16:26;;2025-03-01 17:32:56;;2025-03-01 17:46:01;;2025-03-01 18:02:02;;2025-03-01 18:17:28;;2025-03-01 18:31:39;;2025-03-01 18:47:01;;2025-03-01 19:01:39;;2025-03-01 19:16:44;;2025-03-01 19:32:46;;2025-03-01 19:47:36;;2025-03-01 20:02:23;;2025-03-01 20:17:37;;2025-03-01 20:31:44;;2025-03-01 21:02:16;;2025-03-01 21:33:05;;2025-03-01 22:01:23;;2025-03-01 22:30:42;;2025-03-01 22:57:49;;2025-03-01 23:25:47;;2025-03-01 23:57:50;2025-04-01 00:18:00;
Lausanne, Bourdonnette;8501210;DEPARTURE_REAL;2025-03-01 06:09:05;2025-03-01 06:21:06;;2025-03-01 06:31:24;;2025-03-01 06:43:00;;2025-03-01 06:57:06;;2025-03-01 07:11:41;;2025-03-01 07:25:20;;2025-03-01 07:40:23;;2025-03-01 07:55:15;;2025-03-01 08:09:16;;2025-03-01 08:24:00;;2025-03-01 08:39:09;;2025-03-01 08:55:47;;2025-03-01 09:11:10;;2025-03-01 09:26:00;;2025-03-01 09:41:26;;2025-03-01 09:55:53;;2025-03-01 10:11:00;;2025-03-01 10:25:56;;2025-03-01 10:40:07;;2025-03-01 10:55:35;;2025-03-01 11:10:55;;2025-03-01 11:25:05;;2025-03-01 11:41:15;;2025-03-01 11:55:48;;2025-03-01 12:13:08;;2025-03-01 12:25:35;;2025-03-01 12:40:28;;2025-03-01 12:55:53;;2025-03-01 13:10:33;;2025-03-01 13:25:00;;2025-03-01 13:41:29;;2025-03-01 13:55:13;;2025-03-01 14:10:28;;2025-03-01 14:26:02;;2025-03-01 14:44:58;;2025-03-01 14:55:25;;2025-03-01 15:10:32;;2025-03-01 15:24:57;;2025-03-01 15:38:44;;2025-03-01 15:52:47;;2025-03-01 16:08:37;;2025-03-01 16:22:24;;2025-03-01 16:37:27;;2025-03-01 16:54:11;;2025-03-01 17:08:46;;2025-03-01 17:23:46;;2025-03-01 17:39:31;;2025-03-01 17:54:41;;2025-03-01 18:09:26;;2025-03-01 18:25:26;;2025-03-01 18:42:22;;2025-03-01 18:55:24;;2025-03-01 19:10:42;;2025-03-01 19:26:16;;2025-03-01 19:40:33;;2025-03-01 19:55:34;;2025-03-01 20:13:20;;2025-03-01 20:41:09;;2025-03-01 21:12:43;;2025-03-01 21:42:16;;2025-03-01 22:12:38;;2025-03-01 22:42:29;;2025-03-01 23:12:37;;2025-03-01 23:42:46;;;2025-04-01 00:12:00
Lausanne, sports UNIL-EPFL;8595937;ARRIVAL_REAL;2025-03-01 06:10:45;2025-03-01 06:22:47;2025-03-01 06:35:20;2025-03-01 06:33:05;2025-03-01 06:49:46;2025-03-01 06:44:57;2025-03-01 07:03:41;2025-03-01 06:58:30;2025-03-01 07:15:00;2025-03-01 07:13:06;2025-03-01 07:30:27;2025-03-01 07:27:15;2025-03-01 07:44:49;2025-03-01 07:42:03;2025-03-01 08:00:42;2025-03-01 07:56:52;2025-03-01 08:15:36;2025-03-01 08:11:16;2025-03-01 08:29:02;2025-03-01 08:25:24;2025-03-01 08:43:11;2025-03-01 08:40:37;2025-03-01 08:58:26;2025-03-01 08:57:41;2025-03-01 09:12:02;2025-03-01 09:12:34;2025-03-01 09:25:21;2025-03-01 09:27:44;2025-03-01 09:42:19;2025-03-01 09:43:20;2025-03-01 09:59:11;2025-03-01 09:57:17;2025-03-01 10:12:40;2025-03-01 10:12:38;2025-03-01 10:24:57;2025-03-01 10:27:41;2025-03-01 10:41:18;2025-03-01 10:41:49;2025-03-01 11:00:03;2025-03-01 10:57:23;2025-03-01 11:12:02;2025-03-01 11:12:38;2025-03-01 11:27:23;2025-03-01 11:26:32;2025-03-01 11:43:37;2025-03-01 11:43:18;2025-03-01 11:56:08;2025-03-01 11:57:15;2025-03-01 12:15:17;2025-03-01 12:15:38;2025-03-01 12:28:42;2025-03-01 12:27:23;2025-03-01 12:44:13;2025-03-01 12:42:17;2025-03-01 13:00:06;2025-03-01 12:57:43;2025-03-01 13:12:31;2025-03-01 13:12:19;2025-03-01 13:28:32;2025-03-01 13:26:44;2025-03-01 13:43:33;2025-03-01 13:42:58;2025-03-01 13:57:14;2025-03-01 13:57:11;2025-03-01 14:15:14;2025-03-01 14:12:01;2025-03-01 14:29:49;2025-03-01 14:27:52;2025-03-01 14:42:50;2025-03-01 14:46:39;2025-03-01 14:59:34;2025-03-01 14:56:58;2025-03-01 15:16:13;2025-03-01 15:12:20;2025-03-01 15:26:51;2025-03-01 15:26:37;2025-03-01 15:45:41;2025-03-01 15:40:16;2025-03-01 16:00:23;2025-03-01 15:54:24;2025-03-01 16:13:06;2025-03-01 16:10:30;2025-03-01 16:31:17;2025-03-01 16:24:03;2025-03-01 16:44:26;2025-03-01 16:39:05;2025-03-01 16:58:29;2025-03-01 16:56:06;2025-03-01 17:14:43;2025-03-01 17:11:49;2025-03-01 17:30:31;2025-03-01 17:25:18;2025-03-01 17:44:49;2025-03-01 17:41:23;2025-03-01 18:00:26;2025-03-01 17:56:22;2025-03-01 18:16:10;2025-03-01 18:11:12;2025-03-01 18:30:16;2025-03-01 18:27:17;2025-03-01 18:45:26;2025-03-01 18:44:01;2025-03-01 19:00:24;2025-03-01 18:57:14;2025-03-01 19:14:46;2025-03-01 19:12:20;2025-03-01 19:31:26;2025-03-01 19:28:02;2025-03-01 19:46:31;2025-03-01 19:42:18;2025-03-01 20:01:05;2025-03-01 19:57:16;2025-03-01 20:16:23;2025-03-01 20:14:56;2025-03-01 20:30:30;2025-03-01 20:42:59;2025-03-01 21:01:20;2025-03-01 21:14:15;2025-03-01 21:31:27;2025-03-01 21:43:57;2025-03-01 22:00:02;2025-03-01 22:14:18;2025-03-01 22:29:09;2025-03-01 22:44:12;2025-03-01 22:56:21;2025-03-01 23:14:18;2025-03-01 23:25:07;2025-03-01 23:44:02;2025-03-01 23:56:31;2025-04-01 00:16:41;2025-04-01 00:14:06
Lausanne, sports UNIL-EPFL;8595937;DEPARTURE_REAL;2025-03-01 06:10:45;2025-03-01 06:22:47;2025-03-01 06:35:35;2025-03-01 06:33:05;2025-03-01 06:49:46;2025-03-01 06:44:57;2025-03-01 07:03:49;2025-03-01 06:58:30;2025-03-01 07:15:00;2025-03-01 07:13:06;2025-03-01 07:30:27;2025-03-01 07:27:15;2025-03-01 07:45:11;2025-03-01 07:42:06;2025-03-01 08:00:56;2025-03-01 07:57:15;2025-03-01 08:15:53;2025-03-01 08:11:27;2025-03-01 08:29:18;2025-03-01 08:25:25;2025-03-01 08:43:45;2025-03-01 08:40:55;2025-03-01 08:58:26;2025-03-01 08:58:27;2025-03-01 09:12:02;2025-03-01 09:12:38;2025-03-01 09:25:49;2025-03-01 09:27:44;2025-03-01 09:42:37;2025-03-01 09:43:20;2025-03-01 09:59:41;2025-03-01 09:57:17;2025-03-01 10:12:56;2025-03-01 10:12:57;2025-03-01 10:25:50;2025-03-01 10:27:51;2025-03-01 10:41:29;2025-03-01 10:42:00;2025-03-01 11:00:08;2025-03-01 10:57:34;2025-03-01 11:12:02;2025-03-01 11:12:38;2025-03-01 11:27:27;2025-03-01 11:27:19;2025-03-01 11:44:08;2025-03-01 11:43:38;2025-03-01 11:56:37;2025-03-01 11:57:15;2025-03-01 12:15:17;2025-03-01 12:15:38;2025-03-01 12:29:08;2025-03-01 12:28:34;2025-03-01 12:44:17;2025-03-01 12:42:17;2025-03-01 13:00:35;2025-03-01 12:57:43;2025-03-01 13:13:03;2025-03-01 13:12:38;2025-03-01 13:28:49;2025-03-01 13:26:46;2025-03-01 13:43:40;2025-03-01 13:43:38;2025-03-01 13:57:35;2025-03-01 13:57:29;2025-03-01 14:15:20;2025-03-01 14:12:22;2025-03-01 14:29:49;2025-03-01 14:28:11;2025-03-01 14:42:50;2025-03-01 14:46:57;2025-03-01 15:00:09;2025-03-01 14:57:24;2025-03-01 15:16:57;2025-03-01 15:12:31;2025-03-01 15:27:19;2025-03-01 15:27:28;2025-03-01 15:46:03;2025-03-01 15:40:35;2025-03-01 16:00:57;2025-03-01 15:54:24;2025-03-01 16:13:25;2025-03-01 16:11:06;2025-03-01 16:31:47;2025-03-01 16:24:03;2025-03-01 16:44:52;2025-03-01 16:39:36;2025-03-01 16:58:44;2025-03-01 16:56:40;2025-03-01 17:15:04;2025-03-01 17:12:14;2025-03-01 17:30:58;2025-03-01 17:25:43;2025-03-01 17:44:49;2025-03-01 17:41:23;2025-03-01 18:00:46;2025-03-01 17:56:22;2025-03-01 18:16:23;2025-03-01 18:11:26;2025-03-01 18:30:32;2025-03-01 18:27:44;2025-03-01 18:45:59;2025-03-01 18:45:23;2025-03-01 19:00:37;2025-03-01 18:57:14;2025-03-01 19:14:46;2025-03-01 19:12:26;2025-03-01 19:31:46;2025-03-01 19:28:16;2025-03-01 19:46:31;2025-03-01 19:42:27;2025-03-01 20:01:20;2025-03-01 19:57:16;2025-03-01 20:16:31;2025-03-01 20:14:56;2025-03-01 20:30:36;2025-03-01 20:42:59;2025-03-01 21:01:20;2025-03-01 21:14:36;2025-03-01 21:31:27;2025-03-01 21:44:16;2025-03-01 22:00:19;2025-03-01 22:14:28;2025-03-01 22:29:41;2025-03-01 22:44:29;2025-03-01 22:56:30;2025-03-01 23:14:18;2025-03-01 23:25:07;2025-03-01 23:44:43;2025-03-01 23:56:31;2025-04-01 00:16:41;2025-04-01 00:14:06
Lausanne, Parc Bourget;8595939;ARRIVAL_REAL;2025-03-01 06:12:05;2025-03-01 06:24:06;2025-03-01 06:34:02;2025-03-01 06:34:20;2025-03-01 06:48:33;2025-03-01 06:46:20;2025-03-01 07:01:23;2025-03-01 06:59:53;2025-03-01 07:13:38;2025-03-01 07:14:21;2025-03-01 07:28:39;2025-03-01 07:28:57;2025-03-01 07:43:39;2025-03-01 07:43:23;2025-03-01 07:59:01;2025-03-01 07:58:49;2025-03-01 08:14:24;2025-03-01 08:13:16;2025-03-01 08:27:54;2025-03-01 08:26:42;2025-03-01 08:41:50;2025-03-01 08:42:04;2025-03-01 08:57:05;2025-03-01 08:59:52;2025-03-01 09:10:59;2025-03-01 09:13:52;2025-03-01 09:24:12;2025-03-01 09:28:45;2025-03-01 09:41:02;2025-03-01 09:44:47;2025-03-01 09:57:23;2025-03-01 09:59:11;2025-03-01 10:10:56;2025-03-01 10:14:12;2025-03-01 10:23:45;2025-03-01 10:29:22;2025-03-01 10:40:12;2025-03-01 10:43:12;2025-03-01 10:58:35;2025-03-01 10:59:00;2025-03-01 11:10:41;2025-03-01 11:14:09;2025-03-01 11:26:05;2025-03-01 11:28:31;2025-03-01 11:42:27;2025-03-01 11:45:16;2025-03-01 11:54:55;2025-03-01 11:58:52;2025-03-01 12:14:04;2025-03-01 12:16:31;2025-03-01 12:27:33;2025-03-01 12:30:14;2025-03-01 12:42:33;2025-03-01 12:43:41;2025-03-01 12:58:05;2025-03-01 12:59:18;2025-03-01 13:11:23;2025-03-01 13:14:13;2025-03-01 13:26:14;2025-03-01 13:28:02;2025-03-01 13:41:53;2025-03-01 13:44:54;2025-03-01 13:56:06;2025-03-01 13:58:52;2025-03-01 14:13:32;2025-03-01 14:13:30;2025-03-01 14:28:02;2025-03-01 14:29:20;2025-03-01 14:41:43;2025-03-01 14:48:22;2025-03-01 14:57:27;2025-03-01 14:58:26;2025-03-01 15:14:43;2025-03-01 15:13:50;2025-03-01 15:25:15;2025-03-01 15:28:45;2025-03-01 15:44:12;2025-03-01 15:41:48;2025-03-01 15:59:14;2025-03-01 15:55:46;2025-03-01 16:11:02;2025-03-01 16:12:30;2025-03-01 16:30:02;2025-03-01 16:25:20;2025-03-01 16:43:14;2025-03-01 16:40:54;2025-03-01 16:54:21;2025-03-01 16:58:02;2025-03-01 17:12:31;2025-03-01 17:13:33;2025-03-01 17:29:12;2025-03-01 17:27:41;2025-03-01 17:43:21;2025-03-01 17:42:36;2025-03-01 17:59:14;2025-03-01 17:57:49;2025-03-01 18:15:01;2025-03-01 18:12:47;2025-03-01 18:28:57;2025-03-01 18:29:04;2025-03-01 18:44:02;2025-03-01 18:46:48;2025-03-01 18:59:13;2025-03-01 18:58:42;2025-03-01 19:13:27;2025-03-01 19:13:43;2025-03-01 19:30:03;2025-03-01 19:29:32;2025-03-01 19:45:14;2025-03-01 19:43:49;2025-03-01 20:00:02;2025-03-01 19:58:34;2025-03-01 20:14:44;2025-03-01 20:16:17;2025-03-01 20:29:20;2025-03-01 20:44:11;2025-03-01 21:00:13;2025-03-01 21:15:52;2025-03-01 21:30:23;2025-03-01 21:45:34;2025-03-01 21:58:52;2025-03-01 22:15:50;2025-03-01 22:28:01;2025-03-01 22:45:44;2025-03-01 22:55:01;2025-03-01 23:15:42;2025-03-01 23:23:51;2025-03-01 23:45:43;2025-03-01 23:54:55;2025-04-01 00:13:54;2025-04-01 00:15:34
Lausanne, Parc Bourget;8595939;DEPARTURE_REAL;2025-03-01 06:12:05;2025-03-01 06:24:06;2025-03-01 06:34:12;2025-03-01 06:34:20;2025-03-01 06:48:33;2025-03-01 06:46:20;2025-03-01 07:02:44;2025-03-01 07:00:06;2025-03-01 07:13:38;2025-03-01 07:14:21;2025-03-01 07:29:06;2025-03-01 07:28:57;2025-03-01 07:43:39;2025-03-01 07:43:29;2025-03-01 07:59:07;2025-03-01 07:58:49;2025-03-01 08:14:27;2025-03-01 08:13:16;2025-03-01 08:27:54;2025-03-01 08:26:42;2025-03-01 08:41:59;2025-03-01 08:42:20;2025-03-01 08:57:05;2025-03-01 08:59:55;2025-03-01 09:10:59;2025-03-01 09:13:57;2025-03-01 09:24:16;2025-03-01 09:28:45;2025-03-01 09:41:02;2025-03-01 09:44:47;2025-03-01 09:57:23;2025-03-01 09:59:11;2025-03-01 10:10:56;2025-03-01 10:14:12;2025-03-01 10:23:45;2025-03-01 10:29:36;2025-03-01 10:40:12;2025-03-01 10:43:12;2025-03-01 10:58:35;2025-03-01 10:59:07;2025-03-01 11:10:57;2025-03-01 11:14:09;2025-03-01 11:26:05;2025-03-01 11:28:45;2025-03-01 11:42:27;2025-03-01 11:45:16;2025-03-01 11:54:55;2025-03-01 11:59:05;2025-03-01 12:14:04;2025-03-01 12:16:35;2025-03-01 12:27:39;2025-03-01 12:30:32;2025-03-01 12:42:48;2025-03-01 12:43:48;2025-03-01 12:58:05;2025-03-01 12:59:18;2025-03-01 13:11:23;2025-03-01 13:14:16;2025-03-01 13:26:25;2025-03-01 13:28:02;2025-03-01 13:42:13;2025-03-01 13:45:15;2025-03-01 13:56:06;2025-03-01 13:59:13;2025-03-01 14:13:56;2025-03-01 14:13:30;2025-03-01 14:28:02;2025-03-01 14:29:20;2025-03-01 14:41:43;2025-03-01 14:48:25;2025-03-01 14:58:25;2025-03-01 14:58:26;2025-03-01 15:15:06;2025-03-01 15:14:55;2025-03-01 15:25:25;2025-03-01 15:29:06;2025-03-01 15:44:28;2025-03-01 15:41:48;2025-03-01 15:59:14;2025-03-01 15:56:07;2025-03-01 16:11:48;2025-03-01 16:12:55;2025-03-01 16:30:02;2025-03-01 16:25:20;2025-03-01 16:43:14;2025-03-01 16:41:16;2025-03-01 16:56:27;2025-03-01 16:58:02;2025-03-01 17:13:06;2025-03-01 17:13:33;2025-03-01 17:29:22;2025-03-01 17:28:02;2025-03-01 17:43:38;2025-03-01 17:42:36;2025-03-01 17:59:14;2025-03-01 17:57:49;2025-03-01 18:15:01;2025-03-01 18:12:47;2025-03-01 18:28:57;2025-03-01 18:29:04;2025-03-01 18:44:02;2025-03-01 18:46:48;2025-03-01 18:59:13;2025-03-01 18:59:11;2025-03-01 19:13:27;2025-03-01 19:13:43;2025-03-01 19:30:03;2025-03-01 19:29:32;2025-03-01 19:45:14;2025-03-01 19:43:49;2025-03-01 20:00:02;2025-03-01 19:58:44;2025-03-01 20:14:46;2025-03-01 20:16:17;2025-03-01 20:29:20;2025-03-01 20:44:20;2025-03-01 21:00:13;2025-03-01 21:15:52;2025-03-01 21:30:23;2025-03-01 21:45:34;2025-03-01 21:58:52;2025-03-01 22:16:06;2025-03-01 22:28:01;2025-03-01 22:45:44;2025-03-01 22:55:06;2025-03-01 23:15:52;2025-03-01 23:23:58;2025-03-01 23:45:43;2025-03-01 23:55:07;2025-04-01 00:13:56;2025-04-01 00:15:38
Lausanne, Siège du CIO;8595934;ARRIVAL_REAL;2025-03-01 06:13:07;2025-03-01 06:25:15;2025-03-01 06:32:41;2025-03-01 06:35:24;2025-03-01 06:46:36;2025-03-01 06:47:39;2025-03-01 06:59:39;2025-03-01 07:02:45;2025-03-01 07:12:04;2025-03-01 07:15:25;2025-03-01 07:27:05;2025-03-01 07:30:19;2025-03-01 07:42:13;2025-03-01 07:44:43;2025-03-01 07:57:35;2025-03-01 07:59:54;2025-03-01 08:11:49;2025-03-01 08:14:46;2025-03-01 08:26:17;2025-03-01 08:27:52;2025-03-01 08:40:10;2025-03-01 08:43:27;2025-03-01 08:54:22;2025-03-01 09:01:11;2025-03-01 09:09:23;2025-03-01 09:15:05;2025-03-01 09:22:58;2025-03-01 09:29:53;2025-03-01 09:39:21;2025-03-01 09:46:08;2025-03-01 09:56:02;2025-03-01 10:00:13;2025-03-01 10:09:22;2025-03-01 10:15:34;2025-03-01 10:22:27;2025-03-01 10:30:30;2025-03-01 10:38:53;2025-03-01 10:44:20;2025-03-01 10:56:59;2025-03-01 11:00:26;2025-03-01 11:09:23;2025-03-01 11:15:25;2025-03-01 11:24:44;2025-03-01 11:29:54;2025-03-01 11:40:48;2025-03-01 11:46:35;2025-03-01 11:53:43;2025-03-01 12:00:18;2025-03-01 12:12:14;2025-03-01 12:17:42;2025-03-01 12:26:02;2025-03-01 12:31:34;2025-03-01 12:41:03;2025-03-01 12:45:05;2025-03-01 12:56:23;2025-03-01 13:00:33;2025-03-01 13:10:19;2025-03-01 13:15:33;2025-03-01 13:25:09;2025-03-01 13:29:18;2025-03-01 13:40:31;2025-03-01 13:46:25;2025-03-01 13:54:19;2025-03-01 14:00:13;2025-03-01 14:11:22;2025-03-01 14:14:42;2025-03-01 14:26:24;2025-03-01 14:30:27;2025-03-01 14:40:14;2025-03-01 14:49:41;2025-03-01 14:56:04;2025-03-01 14:59:30;2025-03-01 15:13:22;2025-03-01 15:16:11;2025-03-01 15:23:44;2025-03-01 15:30:15;2025-03-01 15:42:43;2025-03-01 15:43:05;2025-03-01 15:57:48;2025-03-01 15:56:57;2025-03-01 16:09:33;2025-03-01 16:14:02;2025-03-01 16:28:14;2025-03-01 16:26:29;2025-03-01 16:41:27;2025-03-01 16:43:01;2025-03-01 16:52:47;2025-03-01 16:59:09;2025-03-01 17:10:31;2025-03-01 17:14:42;2025-03-01 17:27:30;2025-03-01 17:29:26;2025-03-01 17:40:31;2025-03-01 17:43:52;2025-03-01 17:57:15;2025-03-01 17:59:20;2025-03-01 18:11:39;2025-03-01 18:14:07;2025-03-01 18:27:33;2025-03-01 18:30:17;2025-03-01 18:42:16;2025-03-01 18:48:00;2025-03-01 18:57:50;2025-03-01 19:00:37;2025-03-01 19:11:49;2025-03-01 19:14:56;2025-03-01 19:28:23;2025-03-01 19:30:46;2025-03-01 19:43:37;2025-03-01 19:45:29;2025-03-01 19:58:28;2025-03-01 19:59:54;2025-03-01 20:13:15;2025-03-01 20:17:19;2025-03-01 20:27:48;2025-03-01 20:45:29;2025-03-01 20:58:29;2025-03-01 21:17:02;2025-03-01 21:29:03;2025-03-01 21:46:44;2025-03-01 21:57:16;2025-03-01 22:17:18;2025-03-01 22:26:48;2025-03-01 22:46:53;2025-03-01 22:53:43;2025-03-01 23:17:05;2025-03-01 23:22:48;2025-03-01 23:46:53;2025-03-01 23:53:15;2025-04-01 00:12:42;2025-04-01 00:16:52
Lausanne, Siège du CIO;8595934;DEPARTURE_REAL;2025-03-01 06:13:15;2025-03-01 06:25:15;2025-03-01 06:32:41;2025-03-01 06:35:41;2025-03-01 06:46:36;2025-03-01 06:47:39;2025-03-01 06:59:46;2025-03-01 07:02:45;2025-03-01 07:12:05;2025-03-01 07:15:41;2025-03-01 07:27:05;2025-03-01 07:30:19;2025-03-01 07:42:29;2025-03-01 07:44:43;2025-03-01 07:57:35;2025-03-01 08:00:19;2025-03-01 08:12:42;2025-03-01 08:14:46;2025-03-01 08:26:29;2025-03-01 08:29:13;2025-03-01 08:40:10;2025-03-01 08:43:43;2025-03-01 08:55:12;2025-03-01 09:01:11;2025-03-01 09:09:42;2025-03-01 09:15:29;2025-03-01 09:22:58;2025-03-01 09:30:18;2025-03-01 09:39:38;2025-03-01 09:46:08;2025-03-01 09:56:06;2025-03-01 10:00:16;2025-03-01 10:09:22;2025-03-01 10:15:45;2025-03-01 10:22:27;2025-03-01 10:30:56;2025-03-01 10:38:53;2025-03-01 10:44:45;2025-03-01 10:56:59;2025-03-01 11:00:35;2025-03-01 11:09:23;2025-03-01 11:15:55;2025-03-01 11:24:44;2025-03-01 11:30:15;2025-03-01 11:40:55;2025-03-01 11:46:35;2025-03-01 11:53:43;2025-03-01 12:00:49;2025-03-01 12:12:27;2025-03-01 12:17:42;2025-03-01 12:26:02;2025-03-01 12:31:47;2025-03-01 12:41:22;2025-03-01 12:45:05;2025-03-01 12:56:35;2025-03-01 13:00:37;2025-03-01 13:10:19;2025-03-01 13:15:38;2025-03-01 13:25:09;2025-03-01 13:29:18;2025-03-01 13:40:31;2025-03-01 13:46:49;2025-03-01 13:54:58;2025-03-01 14:00:36;2025-03-01 14:12:02;2025-03-01 14:14:42;2025-03-01 14:26:37;2025-03-01 14:30:53;2025-03-01 14:40:35;2025-03-01 14:49:57;2025-03-01 14:56:12;2025-03-01 14:59:45;2025-03-01 15:13:22;2025-03-01 15:16:31;2025-03-01 15:24:12;2025-03-01 15:30:15;2025-03-01 15:42:58;2025-03-01 15:43:21;2025-03-01 15:57:57;2025-03-01 15:57:47;2025-03-01 16:09:51;2025-03-01 16:14:02;2025-03-01 16:28:43;2025-03-01 16:26:47;2025-03-01 16:41:49;2025-03-01 16:43:36;2025-03-01 16:53:06;2025-03-01 16:59:09;2025-03-01 17:10:59;2025-03-01 17:14:46;2025-03-01 17:27:49;2025-03-01 17:29:26;2025-03-01 17:41:44;2025-03-01 17:43:55;2025-03-01 17:57:46;2025-03-01 17:59:20;2025-03-01 18:13:11;2025-03-01 18:14:07;2025-03-01 18:27:33;2025-03-01 18:30:46;2025-03-01 18:42:41;2025-03-01 18:48:18;2025-03-01 18:57:50;2025-03-01 19:00:37;2025-03-01 19:11:49;2025-03-01 19:14:56;2025-03-01 19:28:41;2025-03-01 19:30:46;2025-03-01 19:43:56;2025-03-01 19:45:29;2025-03-01 19:58:28;2025-03-01 19:59:57;2025-03-01 20:13:15;2025-03-01 20:17:29;2025-03-01 20:28:07;2025-03-01 20:45:29;2025-03-01 20:58:36;2025-03-01 21:17:06;2025-03-01 21:29:06;2025-03-01 21:46:56;2025-03-01 21:57:16;2025-03-01 22:17:18;2025-03-01 22:26:48;2025-03-01 22:46:53;2025-03-01 22:53:43;2025-03-01 23:17:05;2025-03-01 23:22:48;2025-03-01 23:47:06;2025-03-01 23:53:37;2025-04-01 00:12:42;2025-04-01 00:16:52
Lausanne, Stade de Coubertin;8595935;ARRIVAL_REAL;2025-03-01 06:14:15;2025-03-01 06:26:29;2025-03-01 06:31:40;2025-03-01 06:36:53;2025-03-01 06:45:26;2025-03-01 06:48:44;2025-03-01 06:58:41;2025-03-01 07:03:50;2025-03-01 07:10:43;2025-03-01 07:16:55;2025-03-01 07:25:46;2025-03-01 07:31:40;2025-03-01 07:41:13;2025-03-01 07:45:48;2025-03-01 07:56:11;2025-03-01 08:01:25;2025-03-01 08:10:42;2025-03-01 08:16:16;2025-03-01 08:25:34;2025-03-01 08:30:27;2025-03-01 08:38:50;2025-03-01 08:44:47;2025-03-01 08:53:10;2025-03-01 09:02:16;2025-03-01 09:08:30;2025-03-01 09:16:34;2025-03-01 09:21:50;2025-03-01 09:31:19;2025-03-01 09:38:00;2025-03-01 09:47:13;2025-03-01 09:55:00;2025-03-01 10:01:12;2025-03-01 10:08:00;2025-03-01 10:16:46;2025-03-01 10:21:28;2025-03-01 10:32:15;2025-03-01 10:37:55;2025-03-01 10:45:49;2025-03-01 10:55:35;2025-03-01 11:01:55;2025-03-01 11:08:04;2025-03-01 11:17:18;2025-03-01 11:23:44;2025-03-01 11:31:10;2025-03-01 11:39:09;2025-03-01 11:47:37;2025-03-01 11:52:23;2025-03-01 12:02:06;2025-03-01 12:10:55;2025-03-01 12:18:39;2025-03-01 12:24:28;2025-03-01 12:32:55;2025-03-01 12:39:49;2025-03-01 12:46:25;2025-03-01 12:55:11;2025-03-01 13:01:37;2025-03-01 13:09:23;2025-03-01 13:16:57;2025-03-01 13:24:07;2025-03-01 13:30:27;2025-03-01 13:39:12;2025-03-01 13:48:16;2025-03-01 13:53:07;2025-03-01 14:01:45;2025-03-01 14:10:23;2025-03-01 14:15:48;2025-03-01 14:24:38;2025-03-01 14:32:02;2025-03-01 14:38:48;2025-03-01 14:51:07;2025-03-01 14:54:55;2025-03-01 15:00:50;2025-03-01 15:11:58;2025-03-01 15:17:46;2025-03-01 15:22:31;2025-03-01 15:31:20;2025-03-01 15:41:18;2025-03-01 15:44:27;2025-03-01 15:56:12;2025-03-01 15:58:59;2025-03-01 16:08:04;2025-03-01 16:15:17;2025-03-01 16:26:36;2025-03-01 16:28:01;2025-03-01 16:40:24;2025-03-01 16:45:06;2025-03-01 16:51:53;2025-03-01 17:00:25;2025-03-01 17:08:24;2025-03-01 17:15:52;2025-03-01 17:26:30;2025-03-01 17:30:39;2025-03-01 17:38:22;2025-03-01 17:45:03;2025-03-01 17:56:09;2025-03-01 18:00:32;2025-03-01 18:10:31;2025-03-01 18:15:31;2025-03-01 18:26:32;2025-03-01 18:32:04;2025-03-01 18:41:10;2025-03-01 18:49:19;2025-03-01 18:56:53;2025-03-01 19:02:03;2025-03-01 19:10:47;2025-03-01 19:15:58;2025-03-01 19:27:11;2025-03-01 19:31:47;2025-03-01 19:42:23;2025-03-01 19:46:57;2025-03-01 19:57:30;2025-03-01 20:00:57;2025-03-01 20:12:09;2025-03-01 20:18:25;2025-03-01 20:26:46;2025-03-01 20:46:30;2025-03-01 20:57:30;2025-03-01 21:18:05;2025-03-01 21:27:44;2025-03-01 21:48:01;2025-03-01 21:56:16;2025-03-01 22:18:18;2025-03-01 22:25:47;2025-03-01 22:47:58;2025-03-01 22:52:37;2025-03-01 23:18:18;2025-03-01 23:21:49;2025-03-01 23:48:18;2025-03-01 23:52:05;2025-04-01 00:11:40;2025-04-01 00:17:55
Lausanne, Stade de Coubertin;8595935;DEPARTURE_REAL;2025-03-01 06:14:15;2025-03-01 06:26:29;2025-03-01 06:31:40;2025-03-01 06:36:53;2025-03-01 06:45:37;2025-03-01 06:48:47;2025-03-01 06:58:41;2025-03-01 07:03:50;2025-03-01 07:10:51;2025-03-01 07:16:55;2025-03-01 07:25:46;2025-03-01 07:31:40;2025-03-01 07:41:13;2025-03-01 07:45:48;2025-03-01 07:56:11;2025-03-01 08:01:25;2025-03-01 08:10:42;2025-03-01 08:16:16;2025-03-01 08:25:34;2025-03-01 08:30:27;2025-03-01 08:38:50;2025-03-01 08:45:05;2025-03-01 08:53:15;2025-03-01 09:02:16;2025-03-01 09:08:30;2025-03-01 09:16:35;2025-03-01 09:21:50;2025-03-01 09:31:25;2025-03-01 09:38:06;2025-03-01 09:47:13;2025-03-01 09:55:05;2025-03-01 10:01:17;2025-03-01 10:08:00;2025-03-01 10:16:46;2025-03-01 10:21:28;2025-03-01 10:32:15;2025-03-01 10:37:55;2025-03-01 10:46:07;2025-03-01 10:55:35;2025-03-01 11:01:55;2025-03-01 11:08:21;2025-03-01 11:17:18;2025-03-01 11:23:44;2025-03-01 11:31:10;2025-03-01 11:39:36;2025-03-01 11:47:37;2025-03-01 11:52:42;2025-03-01 12:02:06;2025-03-01 12:10:55;2025-03-01 12:18:39;2025-03-01 12:24:48;2025-03-01 12:32:55;2025-03-01 12:40:06;2025-03-01 12:46:25;2025-03-01 12:55:11;2025-03-01 13:01:37;2025-03-01 13:09:26;2025-03-01 13:17:13;2025-03-01 13:24:07;2025-03-01 13:30:41;2025-03-01 13:39:17;2025-03-01 13:48:38;2025-03-01 13:53:28;2025-03-01 14:01:56;2025-03-01 14:10:23;2025-03-01 14:15:48;2025-03-01 14:25:07;2025-03-01 14:32:38;2025-03-01 14:39:17;2025-03-01 14:51:07;2025-03-01 14:54:55;2025-03-01 15:00:50;2025-03-01 15:12:25;2025-03-01 15:18:11;2025-03-01 15:22:50;2025-03-01 15:31:37;2025-03-01 15:41:27;2025-03-01 15:44:27;2025-03-01 15:56:46;2025-03-01 15:59:20;2025-03-01 16:08:31;2025-03-01 16:15:37;2025-03-01 16:27:07;2025-03-01 16:28:22;2025-03-01 16:40:24;2025-03-01 16:45:27;2025-03-01 16:51:56;2025-03-01 17:01:11;2025-03-01 17:09:05;2025-03-01 17:16:14;2025-03-01 17:26:30;2025-03-01 17:30:39;2025-03-01 17:39:28;2025-03-01 17:45:20;2025-03-01 17:56:15;2025-03-01 18:00:47;2025-03-01 18:10:31;2025-03-01 18:15:46;2025-03-01 18:26:36;2025-03-01 18:32:04;2025-03-01 18:41:10;2025-03-01 18:49:19;2025-03-01 18:56:53;2025-03-01 19:02:03;2025-03-01 19:10:47;2025-03-01 19:15:58;2025-03-01 19:27:11;2025-03-01 19:31:47;2025-03-01 19:42:36;2025-03-01 19:47:12;2025-03-01 19:57:30;2025-03-01 20:00:57;2025-03-01 20:12:09;2025-03-01 20:18:25;2025-03-01 20:26:46;2025-03-01 20:46:30;2025-03-01 20:57:30;2025-03-01 21:18:23;2025-03-01 21:28:02;2025-03-01 21:48:10;2025-03-01 21:56:16;2025-03-01 22:18:18;2025-03-01 22:25:47;2025-03-01 22:47:58;2025-03-01 22:52:37;2025-03-01 23:18:18;2025-03-01 23:21:59;2025-03-01 23:48:18;2025-03-01 23:52:05;2025-04-01 00:11:46;2025-04-01 00:17:55
Lausanne, Vidy-Port;8595938;ARRIVAL_REAL;2025-03-01 06:15:07;2025-03-01 06:27:29;2025-03-01 06:30:38;2025-03-01 06:37:51;2025-03-01 06:44:27;2025-03-01 06:50:01;2025-03-01 06:57:41;2025-03-01 07:04:40;2025-03-01 07:09:36;2025-03-01 07:17:43;2025-03-01 07:24:27;2025-03-01 07:32:35;2025-03-01 07:39:43;2025-03-01 07:46:46;2025-03-01 07:54:56;2025-03-01 08:02:14;2025-03-01 08:09:25;2025-03-01 08:17:35;2025-03-01 08:23:53;2025-03-01 08:31:22;2025-03-01 08:37:25;2025-03-01 08:45:56;2025-03-01 08:52:07;2025-03-01 09:03:24;2025-03-01 09:07:16;2025-03-01 09:17:37;2025-03-01 09:20:46;2025-03-01 09:32:20;2025-03-01 09:36:25;2025-03-01 09:48:08;2025-03-01 09:54:07;2025-03-01 10:02:09;2025-03-01 10:06:19;2025-03-01 10:17:52;2025-03-01 10:20:10;2025-03-01 10:33:15;2025-03-01 10:36:55;2025-03-01 10:47:05;2025-03-01 10:53:50;2025-03-01 11:03:01;2025-03-01 11:06:58;2025-03-01 11:18:16;2025-03-01 11:22:26;2025-03-01 11:32:02;2025-03-01 11:38:08;2025-03-01 11:48:55;2025-03-01 11:51:24;2025-03-01 12:03:08;2025-03-01 12:09:38;2025-03-01 12:19:34;2025-03-01 12:22:54;2025-03-01 12:33:55;2025-03-01 12:38:30;2025-03-01 12:47:27;2025-03-01 12:53:36;2025-03-01 13:02:37;2025-03-01 13:08:28;2025-03-01 13:18:18;2025-03-01 13:22:27;2025-03-01 13:31:45;2025-03-01 13:38:08;2025-03-01 13:49:37;2025-03-01 13:51:58;2025-03-01 14:02:55;2025-03-01 14:09:01;2025-03-01 14:16:45;2025-03-01 14:23:28;2025-03-01 14:33:33;2025-03-01 14:37:58;2025-03-01 14:51:57;2025-03-01 14:53:58;2025-03-01 15:01:46;2025-03-01 15:10:37;2025-03-01 15:19:24;2025-03-01 15:21:27;2025-03-01 15:32:45;2025-03-01 15:40:06;2025-03-01 15:45:27;2025-03-01 15:55:11;2025-03-01 16:00:15;2025-03-01 16:07:13;2025-03-01 16:16:45;2025-03-01 16:25:05;2025-03-01 16:29:15;2025-03-01 16:39:10;2025-03-01 16:46:31;2025-03-01 16:50:40;2025-03-01 17:02:07;2025-03-01 17:07:07;2025-03-01 17:17:07;2025-03-01 17:25:34;2025-03-01 17:31:46;2025-03-01 17:37:16;2025-03-01 17:46:14;2025-03-01 17:54:53;2025-03-01 18:01:43;2025-03-01 18:09:27;2025-03-01 18:17:09;2025-03-01 18:25:10;2025-03-01 18:32:54;2025-03-01 18:39:48;2025-03-01 18:50:13;2025-03-01 18:55:44;2025-03-01 19:03:06;2025-03-01 19:09:50;2025-03-01 19:16:48;2025-03-01 19:25:55;2025-03-01 19:32:39;2025-03-01 19:41:31;2025-03-01 19:48:17;2025-03-01 19:56:19;2025-03-01 20:02:06;2025-03-01 20:11:10;2025-03-01 20:19:20;2025-03-01 20:25:35;2025-03-01 20:47:38;2025-03-01 20:56:37;2025-03-01 21:19:19;2025-03-01 21:26:28;2025-03-01 21:49:08;2025-03-01 21:55:07;2025-03-01 22:19:18;2025-03-01 22:24:48;2025-03-01 22:48:54;2025-03-01 22:51:37;2025-03-01 23:19:26;2025-03-01 23:20:50;2025-03-01 23:49:07;2025-03-01 23:50:51;2025-04-01 00:10:18;2025-04-01 00:18:53
Lausanne, Vidy-Port;8595938;DEPARTURE_REAL;2025-03-01 06:15:07;2025-03-01 06:27:29;2025-03-01 06:30:38;2025-03-01 06:37:51;2025-03-01 06:44:27;2025-03-01 06:50:01;2025-03-01 06:57:41;2025-03-01 07:04:40;2025-03-01 07:09:36;2025-03-01 07:17:43;2025-03-01 07:24:27;2025-03-01 07:32:35;2025-03-01 07:40:05;2025-03-01 07:47:03;2025-03-01 07:54:56;2025-03-01 08:02:15;2025-03-01 08:09:25;2025-03-01 08:17:35;2025-03-01 08:24:09;2025-03-01 08:31:22;2025-03-01 08:37:25;2025-03-01 08:45:56;2025-03-01 08:52:07;2025-03-01 09:03:47;2025-03-01 09:07:37;2025-03-01 09:17:37;2025-03-01 09:20:46;2025-03-01 09:32:20;2025-03-01 09:36:41;2025-03-01 09:48:27;2025-03-01 09:54:07;2025-03-01 10:02:09;2025-03-01 10:06:38;2025-03-01 10:17:52;2025-03-01 10:20:30;2025-03-01 10:33:15;2025-03-01 10:36:55;2025-03-01 10:47:18;2025-03-01 10:54:15;2025-03-01 11:03:01;2025-03-01 11:06:58;2025-03-01 11:18:16;2025-03-01 11:22:26;2025-03-01 11:32:02;2025-03-01 11:38:08;2025-03-01 11:49:15;2025-03-01 11:51:24;2025-03-01 12:03:08;2025-03-01 12:09:38;2025-03-01 12:19:34;2025-03-01 12:23:08;2025-03-01 12:34:11;2025-03-01 12:38:51;2025-03-01 12:47:27;2025-03-01 12:53:55;2025-03-01 13:02:37;2025-03-01 13:08:28;2025-03-01 13:18:39;2025-03-01 13:22:56;2025-03-01 13:31:45;2025-03-01 13:38:08;2025-03-01 13:49:58;2025-03-01 13:51:58;2025-03-01 14:02:55;2025-03-01 14:09:08;2025-03-01 14:16:45;2025-03-01 14:23:36;2025-03-01 14:33:50;2025-03-01 14:37:58;2025-03-01 14:51:57;2025-03-01 14:53:58;2025-03-01 15:01:46;2025-03-01 15:10:56;2025-03-01 15:19:42;2025-03-01 15:21:27;2025-03-01 15:33:13;2025-03-01 15:40:06;2025-03-01 15:45:48;2025-03-01 15:55:11;2025-03-01 16:00:15;2025-03-01 16:07:13;2025-03-01 16:17:17;2025-03-01 16:25:27;2025-03-01 16:29:30;2025-03-01 16:39:10;2025-03-01 16:46:47;2025-03-01 16:51:05;2025-03-01 17:02:27;2025-03-01 17:07:07;2025-03-01 17:17:07;2025-03-01 17:25:34;2025-03-01 17:32:06;2025-03-01 17:37:16;2025-03-01 17:46:14;2025-03-01 17:55:06;2025-03-01 18:01:56;2025-03-01 18:09:27;2025-03-01 18:17:26;2025-03-01 18:25:36;2025-03-01 18:32:54;2025-03-01 18:39:48;2025-03-01 18:50:26;2025-03-01 18:55:44;2025-03-01 19:03:06;2025-03-01 19:09:50;2025-03-01 19:16:58;2025-03-01 19:25:55;2025-03-01 19:32:39;2025-03-01 19:41:31;2025-03-01 19:48:41;2025-03-01 19:56:19;2025-03-01 20:02:06;2025-03-01 20:11:10;2025-03-01 20:19:20;2025-03-01 20:25:35;2025-03-01 20:47:38;2025-03-01 20:56:37;2025-03-01 21:19:19;2025-03-01 21:26:47;2025-03-01 21:49:25;2025-03-01 21:55:07;2025-03-01 22:19:18;2025-03-01 22:24:48;2025-03-01 22:48:54;2025-03-01 22:51:37;2025-03-01 23:19:26;2025-03-01 23:21:02;2025-03-01 23:49:07;2025-03-01 23:50:58;2025-04-01 00:10:41;2025-04-01 00:19:09
Lausanne, Théâtre de Vidy;8592121;ARRIVAL_REAL;2025-03-01 06:16:25;2025-03-01 06:28:30;2025-03-01 06:29:36;2025-03-01 06:38:52;2025-03-01 06:43:44;2025-03-01 06:51:02;2025-03-01 06:56:21;2025-03-01 07:05:43;2025-03-01 07:08:43;2025-03-01 07:18:44;2025-03-01 07:23:32;2025-03-01 07:33:50;2025-03-01 07:38:29;2025-03-01 07:48:03;2025-03-01 07:53:37;2025-03-01 08:03:18;2025-03-01 08:07:32;2025-03-01 08:18:42;2025-03-01 08:23:07;2025-03-01 08:32:18;2025-03-01 08:36:40;2025-03-01 08:47:10;2025-03-01 08:51:09;2025-03-01 09:04:52;2025-03-01 09:06:28;2025-03-01 09:18:42;2025-03-01 09:19:53;2025-03-01 09:33:27;2025-03-01 09:35:41;2025-03-01 09:49:31;2025-03-01 09:52:49;2025-03-01 10:03:12;2025-03-01 10:05:21;2025-03-01 10:19:00;2025-03-01 10:19:10;2025-03-01 10:34:36;2025-03-01 10:35:38;2025-03-01 10:48:16;2025-03-01 10:52:27;2025-03-01 11:04:15;2025-03-01 11:06:03;2025-03-01 11:19:39;2025-03-01 11:21:05;2025-03-01 11:33:03;2025-03-01 11:37:12;2025-03-01 11:50:57;2025-03-01 11:50:04;2025-03-01 12:04:19;2025-03-01 12:08:39;2025-03-01 12:20:44;2025-03-01 12:21:29;2025-03-01 12:35:24;2025-03-01 12:37:06;2025-03-01 12:48:46;2025-03-01 12:52:02;2025-03-01 13:03:53;2025-03-01 13:07:29;2025-03-01 13:19:54;2025-03-01 13:21:02;2025-03-01 13:32:50;2025-03-01 13:36:40;2025-03-01 13:51:10;2025-03-01 13:51:01;2025-03-01 14:04:11;2025-03-01 14:07:20;2025-03-01 14:18:13;2025-03-01 14:22:33;2025-03-01 14:34:56;2025-03-01 14:37:10;2025-03-01 14:53:01;2025-03-01 14:52:52;2025-03-01 15:02:55;2025-03-01 15:09:29;2025-03-01 15:20:40;2025-03-01 15:20:42;2025-03-01 15:34:19;2025-03-01 15:38:42;2025-03-01 15:46:57;2025-03-01 15:53:49;2025-03-01 16:01:30;2025-03-01 16:06:20;2025-03-01 16:18:29;2025-03-01 16:23:32;2025-03-01 16:30:30;2025-03-01 16:37:33;2025-03-01 16:47:52;2025-03-01 16:49:39;2025-03-01 17:03:33;2025-03-01 17:06:07;2025-03-01 17:18:15;2025-03-01 17:24:17;2025-03-01 17:33:12;2025-03-01 17:35:39;2025-03-01 17:47:35;2025-03-01 17:53:28;2025-03-01 18:03:04;2025-03-01 18:08:10;2025-03-01 18:18:32;2025-03-01 18:24:16;2025-03-01 18:33:57;2025-03-01 18:38:10;2025-03-01 18:51:44;2025-03-01 18:54:43;2025-03-01 19:04:17;2025-03-01 19:08:52;2025-03-01 19:18:24;2025-03-01 19:24:40;2025-03-01 19:33:49;2025-03-01 19:40:37;2025-03-01 19:49:54;2025-03-01 19:55:20;2025-03-01 20:03:30;2025-03-01 20:09:56;2025-03-01 20:20:38;2025-03-01 20:24:38;2025-03-01 20:48:43;2025-03-01 20:55:40;2025-03-01 21:20:23;2025-03-01 21:25:17;2025-03-01 21:50:21;2025-03-01 21:53:42;2025-03-01 22:20:36;2025-03-01 22:23:31;2025-03-01 22:49:50;2025-03-01 22:50:36;2025-03-01 23:20:36;2025-03-01 23:20:10;2025-03-01 23:50:09;2025-03-01 23:49:47;2025-04-01 00:09:48;2025-04-01 00:20:05
Lausanne, Théâtre de Vidy;8592121;DEPARTURE_REAL;2025-03-01 06:16:25;2025-03-01 06:28:30;2025-03-01 06:29:48;2025-03-01 06:38:52;2025-03-01 06:43:44;2025-03-01 06:51:15;2025-03-01 06:56:41;2025-03-01 07:05:43;2025-03-01 07:08:43;2025-03-01 07:18:45;2025-03-01 07:23:32;2025-03-01 07:33:50;2025-03-01 07:38:50;2025-03-01 07:48:03;2025-03-01 07:53:57;2025-03-01 08:03:40;2025-03-01 08:08:28;2025-03-01 08:18:42;2025-03-01 08:23:29;2025-03-01 08:32:37;2025-03-01 08:36:40;2025-03-01 08:47:29;2025-03-01 08:51:09;2025-03-01 09:05:18;2025-03-01 09:06:28;2025-03-01 09:18:42;2025-03-01 09:19:53;2025-03-01 09:33:45;2025-03-01 09:35:41;2025-03-01 09:49:31;2025-03-01 09:53:05;2025-03-01 10:03:12;2025-03-01 10:05:21;2025-03-01 10:19:05;2025-03-01 10:19:10;2025-03-01 10:34:57;2025-03-01 10:35:57;2025-03-01 10:48:16;2025-03-01 10:52:35;2025-03-01 11:04:26;2025-03-01 11:06:21;2025-03-01 11:19:39;2025-03-01 11:21:34;2025-03-01 11:33:21;2025-03-01 11:37:15;2025-03-01 11:50:57;2025-03-01 11:50:25;2025-03-01 12:04:19;2025-03-01 12:08:39;2025-03-01 12:20:58;2025-03-01 12:22:01;2025-03-01 12:35:40;2025-03-01 12:37:21;2025-03-01 12:49:28;2025-03-01 12:52:15;2025-03-01 13:04:02;2025-03-01 13:07:43;2025-03-01 13:19:55;2025-03-01 13:21:33;2025-03-01 13:32:50;2025-03-01 13:36:55;2025-03-01 13:51:55;2025-03-01 13:51:01;2025-03-01 14:04:11;2025-03-01 14:08:15;2025-03-01 14:18:13;2025-03-01 14:22:36;2025-03-01 14:35:35;2025-03-01 14:37:10;2025-03-01 14:53:17;2025-03-01 14:53:08;2025-03-01 15:02:55;2025-03-01 15:09:45;2025-03-01 15:21:11;2025-03-01 15:20:42;2025-03-01 15:34:46;2025-03-01 15:39:07;2025-03-01 15:47:16;2025-03-01 15:54:16;2025-03-01 16:01:47;2025-03-01 16:06:20;2025-03-01 16:18:57;2025-03-01 16:23:58;2025-03-01 16:31:04;2025-03-01 16:38:16;2025-03-01 16:48:07;2025-03-01 16:49:39;2025-03-01 17:03:51;2025-03-01 17:06:07;2025-03-01 17:18:32;2025-03-01 17:24:43;2025-03-01 17:33:26;2025-03-01 17:36:17;2025-03-01 17:48:11;2025-03-01 17:53:56;2025-03-01 18:03:33;2025-03-01 18:08:30;2025-03-01 18:18:46;2025-03-01 18:24:16;2025-03-01 18:34:17;2025-03-01 18:38:47;2025-03-01 18:52:08;2025-03-01 18:54:43;2025-03-01 19:04:33;2025-03-01 19:08:56;2025-03-01 19:18:36;2025-03-01 19:24:56;2025-03-01 19:34:26;2025-03-01 19:40:37;2025-03-01 19:50:03;2025-03-01 19:55:20;2025-03-01 20:03:54;2025-03-01 20:10:22;2025-03-01 20:20:55;2025-03-01 20:24:38;2025-03-01 20:48:59;2025-03-01 20:55:40;2025-03-01 21:20:44;2025-03-01 21:25:37;2025-03-01 21:50:34;2025-03-01 21:54:02;2025-03-01 22:20:59;2025-03-01 22:24:03;2025-03-01 22:49:50;2025-03-01 22:50:36;2025-03-01 23:20:36;2025-03-01 23:20:10;2025-03-01 23:50:36;2025-03-01 23:49:47;2025-04-01 00:09:48;2025-04-01 00:20:05
Lausanne, Bellerive;8591989;ARRIVAL_REAL;2025-03-01 06:17:15;2025-03-01 06:29:18;2025-03-01 06:28:48;2025-03-01 06:39:50;2025-03-01 06:42:43;2025-03-01 06:52:00;2025-03-01 06:55:28;2025-03-01 07:06:27;2025-03-01 07:07:34;2025-03-01 07:19:43;2025-03-01 07:22:31;2025-03-01 07:34:43;2025-03-01 07:37:21;2025-03-01 07:49:01;2025-03-01 07:52:30;2025-03-01 08:04:32;2025-03-01 08:06:27;2025-03-01 08:19:31;2025-03-01 08:22:12;2025-03-01 08:33:31;2025-03-01 08:36:00;2025-03-01 08:48:23;2025-03-01 08:50:30;2025-03-01 09:06:04;2025-03-01 09:05:28;2025-03-01 09:19:31;2025-03-01 09:18:55;2025-03-01 09:34:41;2025-03-01 09:35:01;2025-03-01 09:50:33;2025-03-01 09:51:47;2025-03-01 10:04:21;2025-03-01 10:04:13;2025-03-01 10:20:04;2025-03-01 10:18:31;2025-03-01 10:35:57;2025-03-01 10:34:58;2025-03-01 10:49:03;2025-03-01 10:51:00;2025-03-01 11:05:17;2025-03-01 11:05:31;2025-03-01 11:20:38;2025-03-01 11:20:07;2025-03-01 11:34:03;2025-03-01 11:36:14;2025-03-01 11:52:00;2025-03-01 11:49:25;2025-03-01 12:05:33;2025-03-01 12:07:29;2025-03-01 12:22:02;2025-03-01 12:20:12;2025-03-01 12:36:34;2025-03-01 12:36:02;2025-03-01 12:50:37;2025-03-01 12:51:09;2025-03-01 13:05:02;2025-03-01 13:06:44;2025-03-01 13:20:54;2025-03-01 13:20:08;2025-03-01 13:33:50;2025-03-01 13:35:55;2025-03-01 13:52:52;2025-03-01 13:50:11;2025-03-01 14:05:00;2025-03-01 14:05:47;2025-03-01 14:19:31;2025-03-01 14:21:29;2025-03-01 14:36:34;2025-03-01 14:36:10;2025-03-01 14:54:17;2025-03-01 14:52:14;2025-03-01 15:03:50;2025-03-01 15:08:30;2025-03-01 15:22:06;2025-03-01 15:19:47;2025-03-01 15:35:47;2025-03-01 15:38:01;2025-03-01 15:48:14;2025-03-01 15:53:11;2025-03-01 16:02:55;2025-03-01 16:05:38;2025-03-01 16:19:52;2025-03-01 16:22:28;2025-03-01 16:32:07;2025-03-01 16:36:53;2025-03-01 16:49:08;2025-03-01 16:49:01;2025-03-01 17:04:53;2025-03-01 17:04:51;2025-03-01 17:19:24;2025-03-01 17:23:11;2025-03-01 17:34:24;2025-03-01 17:34:51;2025-03-01 17:49:16;2025-03-01 17:52:30;2025-03-01 18:04:32;2025-03-01 18:07:09;2025-03-01 18:20:03;2025-03-01 18:23:09;2025-03-01 18:35:29;2025-03-01 18:37:24;2025-03-01 18:53:01;2025-03-01 18:53:38;2025-03-01 19:05:25;2025-03-01 19:07:55;2025-03-01 19:19:37;2025-03-01 19:23:25;2025-03-01 19:35:20;2025-03-01 19:40:07;2025-03-01 19:50:57;2025-03-01 19:54:43;2025-03-01 20:04:54;2025-03-01 20:09:14;2025-03-01 20:21:50;2025-03-01 20:23:53;2025-03-01 20:49:52;2025-03-01 20:55:05;2025-03-01 21:21:36;2025-03-01 21:24:10;2025-03-01 21:51:36;2025-03-01 21:53:00;2025-03-01 22:21:45;2025-03-01 22:22:48;2025-03-01 22:50:53;2025-03-01 22:49:20;2025-03-01 23:21:42;2025-03-01 23:19:34;2025-03-01 23:51:25;2025-03-01 23:48:58;2025-04-01 00:08:59;2025-04-01 00:21:24
Lausanne, Bellerive;8591989;DEPARTURE_REAL;2025-03-01 06:17:15;2025-03-01 06:29:18;2025-03-01 06:28:48;2025-03-01 06:40:15;2025-03-01 06:43:03;2025-03-01 06:52:00;2025-03-01 06:55:28;2025-03-01 07:06:27;2025-03-01 07:07:48;2025-03-01 07:19:43;2025-03-01 07:22:56;2025-03-01 07:34:43;2025-03-01 07:37:35;2025-03-01 07:49:01;2025-03-01 07:52:48;2025-03-01 08:04:56;2025-03-01 08:06:47;2025-03-01 08:19:31;2025-03-01 08:22:39;2025-03-01 08:33:31;2025-03-01 08:36:00;2025-03-01 08:48:23;2025-03-01 08:50:30;2025-03-01 09:06:05;2025-03-01 09:05:48;2025-03-01 09:20:25;2025-03-01 09:19:17;2025-03-01 09:34:41;2025-03-01 09:35:01;2025-03-01 09:50:48;2025-03-01 09:52:06;2025-03-01 10:05:14;2025-03-01 10:04:38;2025-03-01 10:20:06;2025-03-01 10:18:35;2025-03-01 10:36:17;2025-03-01 10:34:58;2025-03-01 10:49:03;2025-03-01 10:51:35;2025-03-01 11:05:17;2025-03-01 11:05:31;2025-03-01 11:20:55;2025-03-01 11:20:16;2025-03-01 11:34:03;2025-03-01 11:36:29;2025-03-01 11:52:15;2025-03-01 11:49:45;2025-03-01 12:06:09;2025-03-01 12:07:55;2025-03-01 12:22:36;2025-03-01 12:20:36;2025-03-01 12:36:46;2025-03-01 12:36:25;2025-03-01 12:50:49;2025-03-01 12:51:09;2025-03-01 13:05:02;2025-03-01 13:06:46;2025-03-01 13:21:11;2025-03-01 13:20:25;2025-03-01 13:34:20;2025-03-01 13:35:55;2025-03-01 13:52:52;2025-03-01 13:50:11;2025-03-01 14:05:21;2025-03-01 14:06:28;2025-03-01 14:19:36;2025-03-01 14:21:52;2025-03-01 14:36:34;2025-03-01 14:36:28;2025-03-01 14:54:56;2025-03-01 14:52:16;2025-03-01 15:03:50;2025-03-01 15:08:45;2025-03-01 15:22:06;2025-03-01 15:20:07;2025-03-01 15:36:35;2025-03-01 15:38:01;2025-03-01 15:48:14;2025-03-01 15:53:11;2025-03-01 16:02:55;2025-03-01 16:05:38;2025-03-01 16:20:12;2025-03-01 16:22:28;2025-03-01 16:32:43;2025-03-01 16:36:53;2025-03-01 16:49:08;2025-03-01 16:49:01;2025-03-01 17:05:18;2025-03-01 17:05:07;2025-03-01 17:19:48;2025-03-01 17:23:38;2025-03-01 17:34:37;2025-03-01 17:34:51;2025-03-01 17:49:36;2025-03-01 17:52:46;2025-03-01 18:05:02;2025-03-01 18:07:22;2025-03-01 18:20:03;2025-03-01 18:23:37;2025-03-01 18:35:29;2025-03-01 18:37:24;2025-03-01 18:53:01;2025-03-01 18:53:56;2025-03-01 19:05:49;2025-03-01 19:08:16;2025-03-01 19:19:57;2025-03-01 19:23:42;2025-03-01 19:35:46;2025-03-01 19:40:07;2025-03-01 19:51:21;2025-03-01 19:54:43;2025-03-01 20:05:16;2025-03-01 20:09:14;2025-03-01 20:21:50;2025-03-01 20:23:56;2025-03-01 20:49:57;2025-03-01 20:55:05;2025-03-01 21:21:56;2025-03-01 21:24:27;2025-03-01 21:51:36;2025-03-01 21:53:00;2025-03-01 22:21:58;2025-03-01 22:22:48;2025-03-01 22:50:53;2025-03-01 22:49:37;2025-03-01 23:21:57;2025-03-01 23:19:34;2025-03-01 23:51:42;2025-03-01 23:48:58;2025-04-01 00:09:11;2025-04-01 00:21:29
Lausanne, Pêcheurs;8592090;ARRIVAL_REAL;2025-03-01 06:18:01;2025-03-01 06:30:07;2025-03-01 06:28:15;2025-03-01 06:40:58;2025-03-01 06:42:08;2025-03-01 06:52:44;2025-03-01 06:54:41;2025-03-01 07:06:56;2025-03-01 07:06:55;2025-03-01 07:20:11;2025-03-01 07:21:51;2025-03-01 07:34:58;2025-03-01 07:36:46;2025-03-01 07:49:41;2025-03-01 07:51:50;2025-03-01 08:05:32;2025-03-01 08:05:54;2025-03-01 08:20:32;2025-03-01 08:21:34;2025-03-01 08:33:53;2025-03-01 08:35:25;2025-03-01 08:48:52;2025-03-01 08:49:59;2025-03-01 09:06:51;2025-03-01 09:04:47;2025-03-01 09:21:45;2025-03-01 09:18:06;2025-03-01 09:35:11;2025-03-01 09:34:12;2025-03-01 09:51:24;2025-03-01 09:50:59;2025-03-01 10:05:56;2025-03-01 10:03:36;2025-03-01 10:20:43;2025-03-01 10:18:01;2025-03-01 10:36:46;2025-03-01 10:34:29;2025-03-01 10:49:53;2025-03-01 10:50:18;2025-03-01 11:05:48;2025-03-01 11:04:53;2025-03-01 11:21:29;2025-03-01 11:19:27;2025-03-01 11:34:47;2025-03-01 11:35:38;2025-03-01 11:52:26;2025-03-01 11:48:53;2025-03-01 12:06:53;2025-03-01 12:06:51;2025-03-01 12:23:20;2025-03-01 12:19:29;2025-03-01 12:37:56;2025-03-01 12:35:32;2025-03-01 12:51:33;2025-03-01 12:50:29;2025-03-01 13:05:29;2025-03-01 13:06:09;2025-03-01 13:22:07;2025-03-01 13:19:28;2025-03-01 13:34:58;2025-03-01 13:35:18;2025-03-01 13:53:47;2025-03-01 13:49:33;2025-03-01 14:05:58;2025-03-01 14:04:53;2025-03-01 14:20:48;2025-03-01 14:20:52;2025-03-01 14:37:02;2025-03-01 14:35:43;2025-03-01 14:55:21;2025-03-01 14:51:32;2025-03-01 15:04:34;2025-03-01 15:07:05;2025-03-01 15:22:50;2025-03-01 15:19:16;2025-03-01 15:37:46;2025-03-01 15:36:37;2025-03-01 15:48:48;2025-03-01 15:51:41;2025-03-01 16:03:24;2025-03-01 16:04:45;2025-03-01 16:20:53;2025-03-01 16:21:54;2025-03-01 16:33:47;2025-03-01 16:35:45;2025-03-01 16:49:42;2025-03-01 16:48:27;2025-03-01 17:05:51;2025-03-01 17:03:51;2025-03-01 17:20:23;2025-03-01 17:22:23;2025-03-01 17:35:07;2025-03-01 17:34:14;2025-03-01 17:50:18;2025-03-01 17:51:15;2025-03-01 18:05:42;2025-03-01 18:06:20;2025-03-01 18:20:39;2025-03-01 18:22:11;2025-03-01 18:36:21;2025-03-01 18:36:29;2025-03-01 18:53:53;2025-03-01 18:52:56;2025-03-01 19:06:23;2025-03-01 19:07:18;2025-03-01 19:20:33;2025-03-01 19:22:34;2025-03-01 19:36:36;2025-03-01 19:39:32;2025-03-01 19:52:21;2025-03-01 19:54:05;2025-03-01 20:05:58;2025-03-01 20:08:19;2025-03-01 20:22:20;2025-03-01 20:23:16;2025-03-01 20:50:28;2025-03-01 20:54:33;2025-03-01 21:22:24;2025-03-01 21:23:39;2025-03-01 21:52:20;2025-03-01 21:52:23;2025-03-01 22:22:41;2025-03-01 22:22:11;2025-03-01 22:51:33;2025-03-01 22:48:23;2025-03-01 23:22:55;2025-03-01 23:18:51;2025-03-01 23:52:11;2025-03-01 23:48:15;2025-04-01 00:08:19;2025-04-01 00:22:09
Lausanne, Pêcheurs;8592090;DEPARTURE_REAL;2025-03-01 06:18:01;2025-03-01 06:30:07;2025-03-01 06:28:15;2025-03-01 06:40:58;2025-03-01 06:42:08;2025-03-01 06:52:46;2025-03-01 06:54:41;2025-03-01 07:06:56;2025-03-01 07:06:55;2025-03-01 07:20:11;2025-03-01 07:21:51;2025-03-01 07:35:07;2025-03-01 07:36:46;2025-03-01 07:50:03;2025-03-01 07:51:50;2025-03-01 08:05:44;2025-03-01 08:05:54;2025-03-01 08:20:32;2025-03-01 08:21:34;2025-03-01 08:33:53;2025-03-01 08:35:25;2025-03-01 08:48:52;2025-03-01 08:49:59;2025-03-01 09:07:16;2025-03-01 09:04:47;2025-03-01 09:21:45;2025-03-01 09:18:15;2025-03-01 09:35:11;2025-03-01 09:34:28;2025-03-01 09:51:24;2025-03-01 09:51:07;2025-03-01 10:06:30;2025-03-01 10:03:36;2025-03-01 10:20:50;2025-03-01 10:18:01;2025-03-01 10:36:46;2025-03-01 10:34:29;2025-03-01 10:49:53;2025-03-01 10:50:18;2025-03-01 11:05:48;2025-03-01 11:04:53;2025-03-01 11:21:29;2025-03-01 11:19:27;2025-03-01 11:34:47;2025-03-01 11:35:38;2025-03-01 11:52:26;2025-03-01 11:48:53;2025-03-01 12:06:53;2025-03-01 12:06:51;2025-03-01 12:23:22;2025-03-01 12:19:29;2025-03-01 12:38:15;2025-03-01 12:35:32;2025-03-01 12:51:33;2025-03-01 12:50:29;2025-03-01 13:05:29;2025-03-01 13:06:09;2025-03-01 13:22:25;2025-03-01 13:19:28;2025-03-01 13:34:58;2025-03-01 13:35:18;2025-03-01 13:53:47;2025-03-01 13:49:33;2025-03-01 14:05:58;2025-03-01 14:04:53;2025-03-01 14:20:48;2025-03-01 14:20:52;2025-03-01 14:37:02;2025-03-01 14:35:43;2025-03-01 14:55:21;2025-03-01 14:51:39;2025-03-01 15:04:34;2025-03-01 15:07:49;2025-03-01 15:22:50;2025-03-01 15:19:16;2025-03-01 15:38:05;2025-03-01 15:37:28;2025-03-01 15:49:20;2025-03-01 15:51:57;2025-03-01 16:03:44;2025-03-01 16:05:20;2025-03-01 16:21:06;2025-03-01 16:21:54;2025-03-01 16:34:06;2025-03-01 16:36:18;2025-03-01 16:49:42;2025-03-01 16:48:27;2025-03-01 17:06:11;2025-03-01 17:04:27;2025-03-01 17:20:27;2025-03-01 17:22:23;2025-03-01 17:35:07;2025-03-01 17:34:14;2025-03-01 17:50:35;2025-03-01 17:51:46;2025-03-01 18:05:45;2025-03-01 18:06:20;2025-03-01 18:21:02;2025-03-01 18:22:33;2025-03-01 18:36:21;2025-03-01 18:36:48;2025-03-01 18:53:53;2025-03-01 18:52:56;2025-03-01 19:06:23;2025-03-01 19:07:18;2025-03-01 19:20:33;2025-03-01 19:22:37;2025-03-01 19:36:45;2025-03-01 19:39:33;2025-03-01 19:52:21;2025-03-01 19:54:05;2025-03-01 20:05:58;2025-03-01 20:08:40;2025-03-01 20:22:20;2025-03-01 20:23:16;2025-03-01 20:50:28;2025-03-01 20:54:33;2025-03-01 21:23:21;2025-03-01 21:23:39;2025-03-01 21:52:20;2025-03-01 21:52:23;2025-03-01 22:22:41;2025-03-01 22:22:11;2025-03-01 22:51:33;2025-03-01 22:48:37;2025-03-01 23:23:22;2025-03-01 23:18:57;2025-03-01 23:52:11;2025-03-01 23:48:15;2025-04-01 00:08:19;2025-04-01 00:22:09
Lausanne, Ouchy-Olympique;8592086;ARRIVAL_REAL;2025-03-01 06:19:03;2025-03-01 06:31:06;2025-03-01 06:26:42;2025-03-01 06:41:56;2025-03-01 06:39:49;2025-03-01 06:53:43;2025-03-01 06:52:41;2025-03-01 07:07:48;2025-03-01 07:04:37;2025-03-01 07:20:59;2025-03-01 07:20:27;2025-03-01 07:36:09;2025-03-01 07:34:35;2025-03-01 07:50:42;2025-03-01 07:50:34;2025-03-01 08:06:41;2025-03-01 08:04:25;2025-03-01 08:21:30;2025-03-01 08:19:50;2025-03-01 08:34:44;2025-03-01 08:33:53;2025-03-01 08:49:43;2025-03-01 08:47:50;2025-03-01 09:08:04;2025-03-01 09:03:07;2025-03-01 09:22:38;2025-03-01 09:16:35;2025-03-01 09:36:11;2025-03-01 09:32:49;2025-03-01 09:52:18;2025-03-01 09:49:13;2025-03-01 10:07:33;2025-03-01 10:01:56;2025-03-01 10:21:26;2025-03-01 10:16:34;2025-03-01 10:37:55;2025-03-01 10:32:09;2025-03-01 10:50:39;2025-03-01 10:48:01;2025-03-01 11:06:50;2025-03-01 11:02:45;2025-03-01 11:22:44;2025-03-01 11:18:08;2025-03-01 11:36:02;2025-03-01 11:33:05;2025-03-01 11:53:26;2025-03-01 11:47:27;2025-03-01 12:08:14;2025-03-01 12:03:58;2025-03-01 12:24:38;2025-03-01 12:17:51;2025-03-01 12:39:05;2025-03-01 12:33:15;2025-03-01 12:52:35;2025-03-01 12:48:37;2025-03-01 13:06:43;2025-03-01 13:04:26;2025-03-01 13:23:51;2025-03-01 13:17:57;2025-03-01 13:35:57;2025-03-01 13:33:29;2025-03-01 13:55:05;2025-03-01 13:47:51;2025-03-01 14:07:04;2025-03-01 14:03:28;2025-03-01 14:21:53;2025-03-01 14:18:48;2025-03-01 14:37:39;2025-03-01 14:33:27;2025-03-01 14:56:09;2025-03-01 14:49:17;2025-03-01 15:05:36;2025-03-01 15:04:37;2025-03-01 15:24:12;2025-03-01 15:17:51;2025-03-01 15:38:57;2025-03-01 15:33:52;2025-03-01 15:50:45;2025-03-01 15:49:17;2025-03-01 16:04:29;2025-03-01 16:02:45;2025-03-01 16:21:58;2025-03-01 16:18:07;2025-03-01 16:34:56;2025-03-01 16:33:15;2025-03-01 16:50:48;2025-03-01 16:46:28;2025-03-01 17:07:11;2025-03-01 17:02:07;2025-03-01 17:21:34;2025-03-01 17:18:35;2025-03-01 17:36:06;2025-03-01 17:32:42;2025-03-01 17:52:14;2025-03-01 17:48:26;2025-03-01 18:06:52;2025-03-01 18:04:11;2025-03-01 18:22:06;2025-03-01 18:19:58;2025-03-01 18:37:20;2025-03-01 18:34:06;2025-03-01 18:54:43;2025-03-01 18:51:22;2025-03-01 19:07:16;2025-03-01 19:05:46;2025-03-01 19:21:37;2025-03-01 19:20:59;2025-03-01 19:37:44;2025-03-01 19:37:18;2025-03-01 19:54:07;2025-03-01 19:52:40;2025-03-01 20:07:14;2025-03-01 20:05:45;2025-03-01 20:23:08;2025-03-01 20:21:49;2025-03-01 20:51:29;2025-03-01 20:52:49;2025-03-01 21:24:08;2025-03-01 21:20:36;2025-03-01 21:53:22;2025-03-01 21:50:57;2025-03-01 22:23:30;2025-03-01 22:20:48;2025-03-01 22:52:32;2025-03-01 22:46:36;2025-03-01 23:24:10;2025-03-01 23:17:06;2025-03-01 23:53:02;2025-03-01 23:46:46;2025-04-01 00:06:53;2025-04-01 00:22:09
Lausanne, Ouchy-Olympique;8592086;DEPARTURE_REAL;2025-03-01 06:19:17;2025-03-01 06:31:06;2025-03-01 06:27:05;2025-03-01 06:42:21;2025-03-01 06:40:55;2025-03-01 06:54:00;2025-03-01 06:53:21;2025-03-01 07:08:26;2025-03-01 07:05:20;2025-03-01 07:21:53;2025-03-01 07:20:46;2025-03-01 07:36:37;2025-03-01 07:35:15;2025-03-01 07:52:23;2025-03-01 07:50:52;2025-03-01 08:07:07;2025-03-01 08:04:47;2025-03-01 08:21:55;2025-03-01 08:20:10;2025-03-01 08:37:13;2025-03-01 08:34:30;2025-03-01 08:50:20;2025-03-01 08:48:32;2025-03-01 09:08:28;2025-03-01 09:03:07;2025-03-01 09:23:23;2025-03-01 09:16:55;2025-03-01 09:36:27;2025-03-01 09:33:18;2025-03-01 09:52:47;2025-03-01 09:49:35;2025-03-01 10:08:31;2025-03-01 10:02:28;2025-03-01 10:21:48;2025-03-01 10:16:51;2025-03-01 10:38:16;2025-03-01 10:33:17;2025-03-01 10:51:05;2025-03-01 10:48:35;2025-03-01 11:07:15;2025-03-01 11:03:25;2025-03-01 11:22:56;2025-03-01 11:18:34;2025-03-01 11:36:23;2025-03-01 11:34:29;2025-03-01 11:53:39;2025-03-01 11:47:45;2025-03-01 12:08:29;2025-03-01 12:05:16;2025-03-01 12:25:05;2025-03-01 12:18:30;2025-03-01 12:40:43;2025-03-01 12:34:34;2025-03-01 12:54:19;2025-03-01 12:49:16;2025-03-01 13:07:33;2025-03-01 13:05:03;2025-03-01 13:24:17;2025-03-01 13:18:34;2025-03-01 13:36:21;2025-03-01 13:33:36;2025-03-01 13:55:29;2025-03-01 13:48:02;2025-03-01 14:07:14;2025-03-01 14:04:07;2025-03-01 14:22:28;2025-03-01 14:18:48;2025-03-01 14:38:30;2025-03-01 14:33:48;2025-03-01 14:56:33;2025-03-01 14:49:56;2025-03-01 15:06:05;2025-03-01 15:05:16;2025-03-01 15:24:48;2025-03-01 15:18:25;2025-03-01 15:39:37;2025-03-01 15:34:49;2025-03-01 15:51:14;2025-03-01 15:49:59;2025-03-01 16:05:47;2025-03-01 16:03:25;2025-03-01 16:22:37;2025-03-01 16:20:09;2025-03-01 16:35:26;2025-03-01 16:34:36;2025-03-01 16:51:27;2025-03-01 16:46:37;2025-03-01 17:07:36;2025-03-01 17:02:47;2025-03-01 17:21:56;2025-03-01 17:21:11;2025-03-01 17:37:00;2025-03-01 17:33:05;2025-03-01 17:53:50;2025-03-01 17:49:26;2025-03-01 18:07:38;2025-03-01 18:05:11;2025-03-01 18:23:22;2025-03-01 18:20:38;2025-03-01 18:37:57;2025-03-01 18:34:48;2025-03-01 18:55:09;2025-03-01 18:51:38;2025-03-01 19:07:32;2025-03-01 19:06:08;2025-03-01 19:21:37;2025-03-01 19:21:15;2025-03-01 19:38:07;2025-03-01 19:37:37;2025-03-01 19:54:31;2025-03-01 19:53:00;2025-03-01 20:07:38;2025-03-01 20:06:42;2025-03-01 20:23:08;2025-03-01 20:22:12;2025-03-01 20:51:44;2025-03-01 20:53:06;2025-03-01 21:26:36;2025-03-01 21:22:31;2025-03-01 21:53:26;2025-03-01 21:51:07;2025-03-01 22:23:50;2025-03-01 22:21:17;2025-03-01 22:52:50;2025-03-01 22:46:57;2025-03-01 23:24:28;2025-03-01 23:17:48;2025-03-01 23:53:06;2025-03-01 23:47:13;2025-04-01 00:07:09;2025-04-01 00:22:09
Lausanne, Parc Musée Olympique;8595933;ARRIVAL_REAL;2025-03-01 06:20:28;2025-03-01 06:32:37;2025-03-01 06:25:19;2025-03-01 06:43:49;2025-03-01 06:38:38;2025-03-01 06:55:31;2025-03-01 06:50:55;2025-03-01 07:09:57;2025-03-01 07:03:03;2025-03-01 07:23:03;2025-03-01 07:19:14;2025-03-01 07:37:57;2025-03-01 07:33:09;2025-03-01 07:54:09;2025-03-01 07:49:07;2025-03-01 08:08:43;2025-03-01 08:03:02;2025-03-01 08:23:10;2025-03-01 08:18:13;2025-03-01 08:39:03;2025-03-01 08:32:11;2025-03-01 08:51:39;2025-03-01 08:46:41;2025-03-01 09:09:50;2025-03-01 09:01:47;2025-03-01 09:24:54;2025-03-01 09:15:13;2025-03-01 09:37:58;2025-03-01 09:31:39;2025-03-01 09:54:18;2025-03-01 09:47:45;2025-03-01 10:10:04;2025-03-01 10:00:21;2025-03-01 10:23:01;2025-03-01 10:14:50;2025-03-01 10:39:55;2025-03-01 10:30:53;2025-03-01 10:52:19;2025-03-01 10:46:15;2025-03-01 11:08:37;2025-03-01 11:00:45;2025-03-01 11:24:42;2025-03-01 11:16:28;2025-03-01 11:37:50;2025-03-01 11:31:28;2025-03-01 11:55:30;2025-03-01 11:46:00;2025-03-01 12:10:30;2025-03-01 12:01:29;2025-03-01 12:26:38;2025-03-01 12:16:11;2025-03-01 12:43:01;2025-03-01 12:31:32;2025-03-01 12:55:34;2025-03-01 12:46:49;2025-03-01 13:08:59;2025-03-01 13:02:05;2025-03-01 13:26:03;2025-03-01 13:16:34;2025-03-01 13:38:14;2025-03-01 13:31:15;2025-03-01 13:57:17;2025-03-01 13:46:13;2025-03-01 14:09:15;2025-03-01 14:01:56;2025-03-01 14:23:52;2025-03-01 14:16:28;2025-03-01 14:40:02;2025-03-01 14:31:30;2025-03-01 14:58:05;2025-03-01 14:46:51;2025-03-01 15:07:36;2025-03-01 15:01:52;2025-03-01 15:26:49;2025-03-01 15:16:15;2025-03-01 15:41:26;2025-03-01 15:32:02;2025-03-01 15:52:37;2025-03-01 15:46:33;2025-03-01 16:07:36;2025-03-01 16:00:04;2025-03-01 16:24:32;2025-03-01 16:16:00;2025-03-01 16:36:47;2025-03-01 16:30:52;2025-03-01 16:53:15;2025-03-01 16:44:44;2025-03-01 17:09:37;2025-03-01 17:00:16;2025-03-01 17:23:21;2025-03-01 17:16:54;2025-03-01 17:38:43;2025-03-01 17:31:20;2025-03-01 17:55:31;2025-03-01 17:46:18;2025-03-01 18:09:24;2025-03-01 18:02:24;2025-03-01 18:24:51;2025-03-01 18:18:13;2025-03-01 18:39:29;2025-03-01 18:32:21;2025-03-01 18:56:28;2025-03-01 18:49:34;2025-03-01 19:08:50;2025-03-01 19:04:02;2025-03-01 19:23:13;2025-03-01 19:19:17;2025-03-01 19:39:19;2025-03-01 19:35:32;2025-03-01 19:55:50;2025-03-01 19:51:16;2025-03-01 20:09:04;2025-03-01 20:04:06;2025-03-01 20:24:26;2025-03-01 20:20:08;2025-03-01 20:53:18;2025-03-01 20:51:06;2025-03-01 21:28:07;2025-03-01 21:19:14;2025-03-01 21:54:44;2025-03-01 21:49:22;2025-03-01 22:25:14;2025-03-01 22:19:30;2025-03-01 22:54:12;2025-03-01 22:45:09;2025-03-01 23:25:43;2025-03-01 23:15:47;2025-03-01 23:54:26;2025-03-01 23:45:20;2025-04-01 00:05:26;2025-04-01 00:22:09
Lausanne, Parc Musée Olympique;8595933;DEPARTURE_REAL;2025-03-01 06:20:28;2025-03-01 06:32:37;2025-03-01 06:25:19;2025-03-01 06:43:49;2025-03-01 06:38:38;2025-03-01 06:55:47;2025-03-01 06:50:55;2025-03-01 07:10:22;2025-03-01 07:03:10;2025-03-01 07:23:03;2025-03-01 07:19:14;2025-03-01 07:38:07;2025-03-01 07:33:09;2025-03-01 07:54:09;2025-03-01 07:49:07;2025-03-01 08:08:43;2025-03-01 08:03:02;2025-03-01 08:23:10;2025-03-01 08:18:13;2025-03-01 08:39:03;2025-03-01 08:32:11;2025-03-01 08:51:39;2025-03-01 08:46:41;2025-03-01 09:09:50;2025-03-01 09:01:47;2025-03-01 09:24:54;2025-03-01 09:15:13;2025-03-01 09:38:08;2025-03-01 09:31:39;2025-03-01 09:54:25;2025-03-01 09:47:45;2025-03-01 10:10:04;2025-03-01 10:00:21;2025-03-01 10:23:01;2025-03-01 10:14:50;2025-03-01 10:39:55;2025-03-01 10:30:53;2025-03-01 10:52:19;2025-03-01 10:46:15;2025-03-01 11:09:16;2025-03-01 11:00:45;2025-03-01 11:24:42;2025-03-01 11:16:28;2025-03-01 11:37:50;2025-03-01 11:31:28;2025-03-01 11:55:30;2025-03-01 11:46:00;2025-03-01 12:10:30;2025-03-01 12:01:50;2025-03-01 12:26:38;2025-03-01 12:16:11;2025-03-01 12:43:01;2025-03-01 12:31:32;2025-03-01 12:55:34;2025-03-01 12:46:49;2025-03-01 13:08:59;2025-03-01 13:02:05;2025-03-01 13:26:03;2025-03-01 13:16:34;2025-03-01 13:38:14;2025-03-01 13:31:15;2025-03-01 13:57:30;2025-03-01 13:46:13;2025-03-01 14:09:25;2025-03-01 14:01:56;2025-03-01 14:23:56;2025-03-01 14:16:37;2025-03-01 14:40:27;2025-03-01 14:31:30;2025-03-01 14:58:05;2025-03-01 14:47:16;2025-03-01 15:07:36;2025-03-01 15:02:17;2025-03-01 15:26:49;2025-03-01 15:16:15;2025-03-01 15:41:26;2025-03-01 15:32:02;2025-03-01 15:52:58;2025-03-01 15:46:33;2025-03-01 16:07:36;2025-03-01 16:00:07;2025-03-01 16:24:32;2025-03-01 16:16:27;2025-03-01 16:36:47;2025-03-01 16:30:52;2025-03-01 16:53:27;2025-03-01 16:44:47;2025-03-01 17:09:37;2025-03-01 17:00:16;2025-03-01 17:23:21;2025-03-01 17:16:54;2025-03-01 17:38:43;2025-03-01 17:31:20;2025-03-01 17:55:31;2025-03-01 17:46:18;2025-03-01 18:09:24;2025-03-01 18:02:24;2025-03-01 18:24:51;2025-03-01 18:18:13;2025-03-01 18:39:29;2025-03-01 18:32:21;2025-03-01 18:56:28;2025-03-01 18:49:34;2025-03-01 19:08:50;2025-03-01 19:04:02;2025-03-01 19:23:13;2025-03-01 19:19:17;2025-03-01 19:39:19;2025-03-01 19:35:44;2025-03-01 19:55:50;2025-03-01 19:51:16;2025-03-01 20:09:04;2025-03-01 20:04:06;2025-03-01 20:24:26;2025-03-01 20:20:08;2025-03-01 20:53:18;2025-03-01 20:51:06;2025-03-01 21:28:07;2025-03-01 21:19:17;2025-03-01 21:54:44;2025-03-01 21:49:22;2025-03-01 22:25:14;2025-03-01 22:19:35;2025-03-01 22:54:12;2025-03-01 22:45:09;2025-03-01 23:25:43;2025-03-01 23:15:47;2025-03-01 23:54:26;2025-03-01 23:45:20;2025-04-01 00:05:26;2025-04-01 00:22:09
Lausanne, Tour Haldimand-Lac;8595936;ARRIVAL_REAL;2025-03-01 06:21:45;2025-03-01 06:34:06;;2025-03-01 06:45:19;;2025-03-01 06:56:50;;2025-03-01 07:11:52;;2025-03-01 07:24:11;;2025-03-01 07:39:19;;2025-03-01 07:55:25;;2025-03-01 08:09:49;;2025-03-01 08:24:10;;2025-03-01 08:40:06;;2025-03-01 08:52:42;;2025-03-01 09:11:20;;2025-03-01 09:26:23;;2025-03-01 09:39:15;;2025-03-01 09:55:55;;2025-03-01 10:11:34;;2025-03-01 10:24:10;;2025-03-01 10:41:24;;2025-03-01 10:53:27;;2025-03-01 11:10:35;;2025-03-01 11:26:15;;2025-03-01 11:39:01;;2025-03-01 11:56:46;;2025-03-01 12:12:29;;2025-03-01 12:28:28;;2025-03-01 12:45:00;;2025-03-01 12:57:23;;2025-03-01 13:10:29;;2025-03-01 13:28:02;;2025-03-01 13:40:13;;2025-03-01 13:59:29;;2025-03-01 14:11:15;;2025-03-01 14:25:09;;2025-03-01 14:42:26;;2025-03-01 14:59:44;;2025-03-01 15:08:44;;2025-03-01 15:28:48;;2025-03-01 15:42:55;;2025-03-01 15:54:36;;2025-03-01 16:08:58;;2025-03-01 16:26:31;;2025-03-01 16:38:02;;2025-03-01 16:55:08;;2025-03-01 17:11:02;;2025-03-01 17:24:42;;2025-03-01 17:39:50;;2025-03-01 17:57:10;;2025-03-01 18:11:01;;2025-03-01 18:26:07;;2025-03-01 18:40:59;;2025-03-01 18:57:49;;2025-03-01 19:10:01;;2025-03-01 19:24:28;;2025-03-01 19:40:31;;2025-03-01 19:57:49;;2025-03-01 20:10:27;;2025-03-01 20:25:46;;2025-03-01 20:54:27;;2025-03-01 21:29:36;;2025-03-01 21:56:14;;2025-03-01 22:26:44;;2025-03-01 22:55:16;;2025-03-01 23:27:13;;2025-03-01 23:55:55;;;2025-04-01 00:22:09
Lausanne, Tour Haldimand-Lac;8595936;DEPARTURE_REAL;;;2025-03-01 06:24:25;;2025-03-01 06:37:27;;2025-03-01 06:49:41;;2025-03-01 07:02:00;;2025-03-01 07:18:06;;2025-03-01 07:32:15;;2025-03-01 07:48:17;;2025-03-01 08:02:02;;2025-03-01 08:17:10;;2025-03-01 08:30:50;;2025-03-01 08:45:33;;2025-03-01 09:00:48;;2025-03-01 09:14:20;;2025-03-01 09:30:41;;2025-03-01 09:46:55;;2025-03-01 09:59:27;;2025-03-01 10:14:00;;2025-03-01 10:29:57;;2025-03-01 10:45:00;;2025-03-01 11:00:00;;2025-03-01 11:15:15;;2025-03-01 11:30:08;;2025-03-01 11:45:06;;2025-03-01 12:00:35;;2025-03-01 12:15:09;;2025-03-01 12:30:13;;2025-03-01 12:45:34;;2025-03-01 13:00:48;;2025-03-01 13:15:33;;2025-03-01 13:30:00;;2025-03-01 13:45:21;;2025-03-01 14:00:28;;2025-03-01 14:15:13;;2025-03-01 14:30:28;;2025-03-01 14:45:36;;2025-03-01 15:00:36;;2025-03-01 15:15:24;;2025-03-01 15:30:47;;2025-03-01 15:45:17;;2025-03-01 15:59:00;;2025-03-01 16:14:27;;2025-03-01 16:29:37;;2025-03-01 16:44:00;;2025-03-01 16:59:07;;2025-03-01 17:15:50;;2025-03-01 17:30:23;;2025-03-01 17:45:06;;2025-03-01 18:01:00;;2025-03-01 18:16:58;;2025-03-01 18:31:06;;2025-03-01 18:48:17;;2025-03-01 19:02:47;;2025-03-01 19:18:17;;2025-03-01 19:34:17;;2025-03-01 19:50:02;;2025-03-01 20:03:00;;2025-03-01 20:18:53;;2025-03-01 20:49:48;;2025-03-01 21:18:09;;2025-03-01 21:48:22;;2025-03-01 22:18:30;;2025-03-01 22:44:17;;2025-03-01 23:14:27;;2025-03-01 23:44:17;2025-04-01 00:04:26;
